"","logFC","AveExpr","t","P.Value","adj.P.Val","B"
"ENSG00000125691",-2.73854653904203,6.15960355593999,-9.69943939788125,2.85357515048492e-14,4.70695267837206e-10,21.7255748977019
"ENSG00000238741",-6.02260755987227,-2.48239044031068,-9.59974089473135,4.25854285103788e-14,4.70695267837206e-10,20.3412364408344
"ENSG00000198918",-2.84720729820675,4.49048308874156,-9.48363215389431,6.79495070551971e-14,4.70695267837206e-10,21.2608455671393
"ENSG00000182774",-2.20266299087228,5.18991471180498,-9.47413154447009,7.06009881612799e-14,4.70695267837206e-10,21.0997041851713
"ENSG00000109475",-3.529735276563,4.05076297189132,-9.46163800167068,7.42466590685718e-14,4.70695267837206e-10,21.1784101213506
"ENSG00000071082",-3.2991154718145,5.2998254304353,-9.42087066126478,8.75111197334593e-14,4.70695267837206e-10,20.8240877304162
"ENSG00000234797",-3.57190316828106,-0.057384658573504,-9.38089562794744,1.02828683252107e-13,4.70695267837206e-10,20.1746761431789
"ENSG00000171863",-3.01837384791641,5.59845838613552,-9.37483756483753,1.05374295073252e-13,4.70695267837206e-10,20.6091156946987
"ENSG00000232112",-2.12855724261826,4.3328640812003,-9.29524475092849,1.45336783468727e-13,5.84282936900977e-10,20.5528814298622
"ENSG00000142676",-1.82675633054708,7.99247363042326,-9.13793058497259,2.74746961130159e-13,9.39606425763998e-10,18.8034156169884
"ENSG00000182899",-1.50675505624983,6.61759824295847,-9.12172678017329,2.93399517247167e-13,9.39606425763998e-10,19.3580014924237
"ENSG00000123349",-1.7974277618937,6.2275453153039,-9.0502462481361,3.92089511934824e-13,1.05085217058692e-09,19.2005531248147
"ENSG00000147604",-2.65949295398781,6.82053062357053,-9.02264139732124,4.38583866209258e-13,1.10199678683404e-09,18.7797220665206
"ENSG00000177954",-2.41523169604911,7.91018882408952,-8.97781372841424,5.26169856625121e-13,1.2442988574143e-09,18.1437804168294
"ENSG00000114942",-1.81826477899555,6.05735648167032,-8.93103058141251,6.36359591527772e-13,1.34646991045261e-09,18.7049362543802
"ENSG00000145425",-3.24330849317146,6.10699130749042,-8.87060038787091,8.13666084566292e-13,1.56753980299197e-09,18.4133092500888
"ENSG00000138326",-2.90742565907863,6.05355183650365,-8.86904758642267,8.18823338710296e-13,1.56753980299197e-09,18.4125162261968
"ENSG00000131469",-1.82656279033188,7.07832000833157,-8.77536270890715,1.19907001589175e-12,2.19113694449454e-09,17.8115781447617
"ENSG00000237550",-3.95080848278845,1.70613605540079,-8.63082735857717,2.16161011104179e-12,3.77830650800444e-09,17.8954901721827
"ENSG00000122026",-1.95134425468444,7.25354051817136,-8.35862149510295,6.57335459468741e-12,1.05704800566249e-08,15.8921402826334
"ENSG00000134419",-2.07131633473242,4.3144295507598,-8.24825387942577,1.03257671329207e-11,1.59660188568338e-08,16.3585694612974
"ENSG00000164919",-2.0319109490822,3.04033033728611,-8.10753778845764,1.83724763868431e-11,2.6378939132281e-08,15.8871483722272
"ENSG00000176731",-1.59094165761596,2.57074149369048,-8.00455003947917,2.80161528038498e-11,3.81904071778643e-08,15.4722759083781
"ENSG00000161970",-2.08333178102975,2.44520289445864,-8.00038072984653,2.84988860090525e-11,3.81904071778643e-08,15.4617185943053
"ENSG00000133112",-2.05056478346266,9.45270406183733,-7.97527230917954,3.15871467722891e-11,4.09634346625667e-08,13.4105853113769
"ENSG00000196683",-1.75602027544311,4.23301525798939,-7.94696842075739,3.54717136454925e-11,4.45635572492528e-08,15.1045213628152
"ENSG00000263266",-3.86244605087045,0.0391801762160185,-7.93860537484631,3.67084582500415e-11,4.47198011687324e-08,14.8454507597439
"ENSG00000213741",-1.7310200501146,6.44430579418275,-7.83481346278516,5.61691646241752e-11,6.64150810653263e-08,14.1471112416813
"ENSG00000169567",-1.5753839449466,4.54064949899785,-7.80625405859176,6.31436530440510e-11,7.25286039907697e-08,14.5386978662786
"ENSG00000229117",-1.97000843115293,6.97921447997152,-7.75885065784392,7.66829849329281e-11,8.56335933409327e-08,13.6033813087032
"ENSG00000244716",-3.33351128217903,-1.7885876956938,-7.72188824533921,8.92240267273772e-11,9.56434205277605e-08,13.4464656813928
"ENSG00000253738",-1.95981285306934,1.54827878299116,-7.71868020796184,9.04047057373986e-11,9.56434205277605e-08,14.2258825807495
"ENSG00000214485",-3.60640817633271,-1.83414436411614,-7.68386624753772,1.04266688682552e-10,1.04793235460399e-07,13.3345855461352
"ENSG00000234741",-1.80088627610228,4.12339852827294,-7.66619008382343,1.12098524860659e-10,1.0991670479142e-07,14.0385286724766
"ENSG00000189043",-2.07429014839766,3.38281485473082,-7.55642959247687,1.75741781447418e-10,1.68218359470217e-07,13.6872675928088
"ENSG00000243592",-4.2532060060088,-5.57796480465533,-7.40599717997359,3.25342119503827e-10,2.84334867136801e-07,11.7081375230951
"ENSG00000269893",-1.96698672303808,2.01729149261286,-7.39320241609351,3.42828656870323e-10,2.93242503478739e-07,13.0511252063168
"ENSG00000163682",-2.86547465616517,6.0970975367775,-7.38459585182458,3.55115899479813e-10,2.97424362310155e-07,12.3953071528088
"ENSG00000156467",-2.40679839093813,4.4005972352597,-7.37807208298496,3.64721638177239e-10,2.99235495877579e-07,12.7869571729829
"ENSG00000137970",-2.85745236808706,1.52555363906927,-7.36522204372352,3.84407378748736e-10,3.09078908809134e-07,12.9287848748588
"ENSG00000137876",-2.85325666540294,2.3748283742442,-7.35139756002594,4.06771520642277e-10,3.20647621036486e-07,12.8857917631635
"ENSG00000240509",-4.73169076741022,-4.40660174412321,-7.33057224947301,4.42935846974434e-10,3.42440517693581e-07,11.7891187051848
"ENSG00000101132",-5.24399246456629,-2.3522323455664,-7.30921696069713,4.83354280733637e-10,3.66637901774598e-07,12.0449945174342
"ENSG00000109686",-4.73380675274757,-3.07030825790171,-7.29321224724191,5.1604013085412e-10,3.77197188010861e-07,11.8587238649764
"ENSG00000234287",-2.7875368278243,-0.531215036167071,-7.28420805776272,5.35388976746209e-10,3.82979104435239e-07,12.2650279636965
"ENSG00000227008",-4.0661516896901,-3.82485147400497,-7.28075348621728,5.4300305837542e-10,3.82979104435239e-07,11.454725986693
"ENSG00000214389",-3.19336794174221,-0.160120669873473,-7.14089530194114,9.6140213303066e-10,6.43760710354147e-07,11.8515898342467
"ENSG00000236439",-2.88098730330715,-0.0464220881027942,-7.11648960028824,1.0620841307607e-09,6.85291999594642e-07,11.7675869057118
"ENSG00000236058",-4.55533291187164,-4.13760917868241,-7.11148581595132,1.08399031748669e-09,6.85291999594642e-07,10.9408521885252
"ENSG00000205871",-3.83225283979439,-1.99756570088616,-7.09658545001421,1.15192657354118e-09,7.12457724761578e-07,11.2457043138554
"ENSG00000227081",-2.50813931176719,2.39283775174992,-7.049787867892,1.39412986457926e-09,8.49194072966901e-07,11.6894539056692
"ENSG00000127184",-1.99089900825746,3.89034906560006,-7.02310928278213,1.55427100610539e-09,9.32608999812671e-07,11.4613892245222
"ENSG00000274422",-6.3119208744968,-2.38829446917283,-7.01585551488019,1.60089708484824e-09,9.46459773603955e-07,11.1528275185324
"ENSG00000188243",-3.25145541350915,1.86425225400229,-7.0031207286356,1.68615019221918e-09,9.82414638081097e-07,11.5169975991112
"ENSG00000232346",-3.08155758451072,-1.60112211419703,-6.91982561670862,2.36683577392958e-09,1.35930759690738e-06,10.6392182935983
"ENSG00000114209",-1.98250775747468,3.22283210562601,-6.85135695371575,3.12660057086436e-09,1.73755445891638e-06,10.908060234454
"ENSG00000213326",-3.90345349321608,-3.18229493678407,-6.84912361477113,3.15510361427033e-09,1.73755445891638e-06,9.96555680827951
"ENSG00000234506",-3.30900874885444,1.00538877675517,-6.83939453185318,3.28231961558928e-09,1.75941084247893e-06,10.8192665922055
"ENSG00000156411",-1.51171742155328,4.21049900939506,-6.8280048401691,3.43775056518721e-09,1.79486296391762e-06,10.7008730335495
"ENSG00000124575",-5.36438468579275,-3.57880954152926,-6.7859041256381,4.07858869673638e-09,2.02674298491142e-06,9.99903983843867
"ENSG00000147669",-3.15921753758207,0.850504366179495,-6.69146243146802,5.9814812425883e-09,2.82902951664159e-06,10.2471743584312
"ENSG00000110852",-2.11266716561991,4.05174423740558,-6.63669082654205,7.46618470871513e-09,3.49018090302053e-06,9.93505318526236
"ENSG00000244398",-3.07700063898006,1.33852092702397,-6.58803612445107,9.08934835321235e-09,4.15238616472549e-06,9.90586975893283
"ENSG00000113240",-1.59556315567672,4.07669611805588,-6.56130639924846,1.01257080839344e-08,4.47333754275088e-06,9.71341169863766
"ENSG00000226221",-2.89626994996473,-1.33214459395905,-6.54658990051363,1.07455741058132e-08,4.64509215270864e-06,9.39217296125086
"ENSG00000013441",-1.50600828094201,5.82487999772809,-6.52468784957916,1.17385723246115e-08,5.02036260206415e-06,9.18765193325966
"ENSG00000242299",-1.63678254186495,2.70370039644291,-6.49727495949076,1.31107805592811e-08,5.54820631625495e-06,9.51250436537189
"ENSG00000259671",-4.78734472518242,-1.88449691057621,-6.4375032884802,1.66799723967505e-08,6.77341666963802e-06,8.80709790581835
"ENSG00000226084",-3.39032104825177,-2.31366924122973,-6.43231622785441,1.70318423164399e-08,6.84714124805517e-06,8.75112952437371
"ENSG00000225912",-4.61054699423155,-4.1743692220489,-6.40679680826694,1.88732541381593e-08,7.51230260259682e-06,8.53745343243681
"ENSG00000128609",-1.74857876353659,2.0766437601512,-6.3793961872847,2.10708494539376e-08,8.06752656902093e-06,9.10240535959889
"ENSG00000180211",-3.8034974610911,-3.59274805040806,-6.37451249638567,2.14883869805696e-08,8.14977484332888e-06,8.31387701238642
"ENSG00000219023",-3.63011354270163,-1.07641577985185,-6.36241086044537,2.2558757222789e-08,8.475767830566e-06,8.67308039858816
"ENSG00000126860",-2.33829517683517,3.24948416246225,-6.31313148657656,2.74918043747355e-08,1.02335696247511e-05,8.77727679944289
"ENSG00000234268",-3.19368039512905,-1.29803930580716,-6.30482238938171,2.84231436244666e-08,1.03878838180982e-05,8.41748000842776
"ENSG00000164414",-1.64117005581904,1.84859924380849,-6.29249764264749,2.98625265759179e-08,1.08156152559014e-05,8.7611546611422
"ENSG00000235174",-3.10596161944559,0.2881177426885,-6.27958274878504,3.14484506766595e-08,1.12883090544916e-05,8.66957400613799
"ENSG00000220749",-2.16201436671433,0.614272164875553,-6.27724949788645,3.17437521730473e-08,1.12934719014234e-05,8.68360328558188
"ENSG00000234742",-3.94823764888904,-2.84978274229688,-6.25582601147889,3.45870045560894e-08,1.1986782389344e-05,8.0132410997348
"ENSG00000212664",-3.40687712428637,-2.75186359946794,-6.22551218239921,3.90465572274593e-08,1.33793814059934e-05,7.88661424874778
"ENSG00000149231",-1.74121384691415,2.72540916480222,-6.21246076332811,4.1137974438372e-08,1.37819070697619e-05,8.45479102222444
"ENSG00000214535",-3.05889040924101,-0.521776882222096,-6.20743167958904,4.19731755116515e-08,1.38311934583559e-05,8.23366595047683
"ENSG00000252010",-5.20559892395885,-3.56227950501343,-6.19332979426256,4.44058603716017e-08,1.45138568996677e-05,7.9297151607448
"ENSG00000219451",-3.78406071658402,-2.41105160491316,-6.18622567787116,4.56838055039986e-08,1.48111318457399e-05,7.86742486129155
"ENSG00000143977",-1.83703516133241,2.35166959516956,-6.17909722757234,4.70027650393019e-08,1.49968663500795e-05,8.32088421727197
"ENSG00000230291",-3.14222764740556,-1.64709106937343,-6.15709849298172,5.13157820914096e-08,1.62440714302272e-05,7.96498472613604
"ENSG00000232472",-2.0405035913254,0.00779602822503435,-6.11048765248676,6.17925730554749e-08,1.89632444425664e-05,7.97359628015149
"ENSG00000178429",-3.9556479180232,-3.09338788644244,-6.09422945639875,6.59246032328422e-08,2.00780371148994e-05,7.4711002188437
"ENSG00000172172",-3.48588158397841,0.386900112948445,-6.08956095518288,6.71608916689785e-08,2.01492752845233e-05,7.91816719753649
"ENSG00000224094",-3.63543429971131,-3.57030996053675,-6.08402981808804,6.86553702092155e-08,2.04450606900065e-05,7.34481018714572
"ENSG00000276182",-4.21789627739313,-2.49937768020492,-6.07330338882741,7.16480864708444e-08,2.11793850904477e-05,7.39760958037077
"ENSG00000234031",-4.27872858270204,-4.17824718990819,-6.0398317069117,8.1842463624812e-08,2.36707246233431e-05,7.20824100580887
"ENSG00000260078",-1.71948921399889,3.24459799065403,-6.03079748143588,8.48319548570515e-08,2.4360101779737e-05,7.69474577655459
"ENSG00000244313",-1.54438589700143,2.14042559402477,-6.01931442725292,8.87882777081805e-08,2.51591683246899e-05,7.72569127826428
"ENSG00000213757",-4.00399684396415,-3.23074567818673,-6.01909317766548,8.88662728746324e-08,2.51591683246899e-05,7.15834639848221
"ENSG00000168876",-1.68123144251582,2.95685729270158,-5.99977438191713,9.5944679689604e-08,2.69732028872829e-05,7.62344368971657
"ENSG00000131174",-2.24713865210763,2.64379497516562,-5.93917906030723,1.21969228583108e-07,3.31311278885008e-05,7.38017850204112
"ENSG00000086065",-1.64250234827511,3.79398993145565,-5.9352019583297,1.23903082737067e-07,3.34305485382253e-05,7.27676001988957
"ENSG00000166200",-1.56620430698494,3.03858853434605,-5.86771668681387,1.61745041147936e-07,4.24998310080349e-05,7.10985306336712
"ENSG00000200312",-4.28127856873465,-2.27960767177637,-5.85365398966764,1.70965336391475e-07,4.4058643933398e-05,6.68665807293133
"ENSG00000256393",-3.01406099138342,-0.239449831369989,-5.82839299452693,1.8885132174681e-07,4.79111272937407e-05,6.92697191047204
"ENSG00000217027",-2.38473425216151,-0.698683465585446,-5.79740317119322,2.13335980725402e-07,5.29415623279173e-05,6.68592598513604
"ENSG00000122435",-1.58798526069394,1.81760637032328,-5.77812277341803,2.30125701055136e-07,5.67577511277214e-05,6.83357748220114
"ENSG00000263606",-3.78236678831555,-2.34232952946536,-5.77143222276019,2.36251873676663e-07,5.75624110639345e-05,6.37185479872036
"ENSG00000139679",-1.58822563635118,3.12314869523415,-5.71066930727032,2.99801697642468e-07,7.089781087425e-05,6.47830146576582
"ENSG00000213261",-2.60076714278718,-3.08537208012075,-5.70197385784407,3.10180524161222e-07,7.29232598381839e-05,5.95217172035993
"ENSG00000128708",-1.57190951900597,3.3696183117076,-5.68396709320732,3.3281430476641e-07,7.68954062081564e-05,6.37970552468852
"ENSG00000259600",-4.66482902018317,-2.37803062043892,-5.67527657022298,3.44313795349362e-07,7.90977325750573e-05,6.08175958171226
"ENSG00000256338",-2.3066567423108,0.111052022305662,-5.65109020466013,3.78422931113344e-07,8.54683071720149e-05,6.32997025717644
"ENSG00000140379",-2.20411232156764,4.02975529533153,-5.62585893833646,4.17559755961229e-07,9.27444050229465e-05,6.07416726156463
"ENSG00000228446",-4.3157196439827,-3.97498170117427,-5.60685762534094,4.4964466474591e-07,9.77114314168382e-05,5.73221505789834
"ENSG00000212232",-4.16739953254671,-1.8243638199118,-5.60349381064086,4.55572794417734e-07,9.84674058128051e-05,5.97225391683359
"ENSG00000169288",-2.00603451559687,1.0199603127185,-5.5875666963326,4.84704860724177e-07,0.000103649493674646,6.12900335393684
"ENSG00000231414",-3.70729395355828,-3.08966383468109,-5.55122216054168,5.58238752360834e-07,0.000116281421359639,5.62078642750118
"ENSG00000075089",-2.51843752210329,0.961096821057664,-5.54131993803394,5.80112272726891e-07,0.000120214812310137,5.95563709978207
"ENSG00000155329",-1.61031507529234,1.56681272958834,-5.52657932531096,6.14247372185551e-07,0.000125989657431651,5.90946934268933
"ENSG00000250321",-3.58872234019683,-2.88981163422762,-5.5204094169972,6.29116085867581e-07,0.000127836952738861,5.46927725988551
"ENSG00000170860",-1.57588894020639,2.50918065361754,-5.47801564820241,7.4132138889997e-07,0.00014537854866613,5.64851944665478
"ENSG00000230562",-3.35455725092355,-2.89080507758009,-5.39584458549514,1.01780246432937e-06,0.000186838788451916,4.98330725687616
"ENSG00000113356",-3.97714205903625,-2.72182568040304,-5.39355757795033,1.02679850765033e-06,0.000187633425475266,5.10291149958952
"ENSG00000147687",-2.23727442521675,0.944711986731295,-5.38195707684568,1.07364882215507e-06,0.000192691205126242,5.38411025462516
"ENSG00000243181",-2.64306751874705,-2.31424528313248,-5.33386001004557,1.29138325685444e-06,0.000227702586368693,4.91428436062001
"ENSG00000242951",-3.58329266367417,-3.9225082661813,-5.32760582122032,1.32271197525559e-06,0.000232134705153859,4.75972403245906
"ENSG00000220842",-2.03961400953741,1.89585628275687,-5.32655123333697,1.32806781218316e-06,0.000232134705153859,5.11641432531242
"ENSG00000202512",-4.0036331931931,-4.75780852409464,-5.27356660092164,1.62645569159044e-06,0.000279430648347516,4.57450385017432
"ENSG00000255423",-3.48952585158685,-0.894727442579704,-5.26169436171541,1.70186136037952e-06,0.000288351255544332,4.72183293867762
"ENSG00000237668",-3.64228853050426,-3.11726366914623,-5.24759253363555,1.79590158116231e-06,0.00029834229490036,4.56910374659689
"ENSG00000235363",-3.6787647706738,-3.11790567338475,-5.22798406216588,1.93520090554011e-06,0.000316255881319202,4.47178168201347
"ENSG00000278931",-3.79091166108853,-5.59262569953927,-5.21766021325732,2.01275337966954e-06,0.000324177005959148,4.37812910307324
"ENSG00000214784",-3.06955054921665,-2.39039573673741,-5.21724625669509,2.01592586164338e-06,0.000324177005959148,4.52788520638394
"ENSG00000237749",-2.99532013480584,-2.61025124950327,-5.1766506802215,2.35211682089331e-06,0.000365095754569703,4.32723156361329
"ENSG00000266019",-4.57479084867649,-4.35280905370731,-5.17111001280844,2.40207652766205e-06,0.000367179774011671,4.34316557133892
"ENSG00000153130",-2.91708456801982,-0.621286839599654,-5.15781431393081,2.52625137971447e-06,0.00038469832563364,4.51428259697318
"ENSG00000237729",-2.98242480915795,-2.29904431747107,-5.15472708222773,2.55597396272341e-06,0.000386297989659423,4.34367685154731
"ENSG00000200087",-4.41868709969111,-1.46574424836522,-5.12120115739459,2.90168872118586e-06,0.000433656840033881,4.29432624977481
"ENSG00000227063",-2.40718705125257,0.270200151206709,-5.08761229182851,3.29395362954498e-06,0.000479795376141185,4.3403453495962
"ENSG00000253683",-2.58068088390932,-2.11160623363426,-5.08135569920754,3.37256286493921e-06,0.000489472102152657,4.08972937784973
"ENSG00000245532",-1.58793657442711,8.37243864769926,-5.07384554025634,3.46935452820512e-06,0.000499910361085672,2.68984289083716
"ENSG00000279274",-3.05878252606314,-2.48903309545187,-5.05826160261043,3.67897382946737e-06,0.000524196661158027,4.01517288348516
"ENSG00000163584",-2.51417840908394,0.833157034916387,-5.05792655625575,3.68361423664903e-06,0.000524196661158027,4.23670846826954
"ENSG00000234782",-1.92975156549497,-0.0734052185576127,-5.05375542545658,3.74186723487284e-06,0.000527826479215291,4.19324598240076
"ENSG00000177688",-3.82239836241429,-3.04049754942474,-5.05267788373417,3.75706212598942e-06,0.000528116823737856,3.93122555239264
"ENSG00000232134",-3.3706499213398,-3.38598848645726,-4.99695434232616,4.63097134690032e-06,0.000614436666957381,3.68276946413541
"ENSG00000229605",-2.88199191074976,-3.77360674296362,-4.99512279192153,4.66284381701231e-06,0.000616630418195818,3.63107467433903
"ENSG00000267430",-4.14147480074003,-3.76456721236898,-4.9875892346484,4.79621708560695e-06,0.000630122612011669,3.68501842727069
"ENSG00000232587",-2.92908753955456,-1.77678697526242,-4.98295358924826,4.88013572856337e-06,0.000639059337328028,3.73782707737311
"ENSG00000252481",-3.85303136451043,-2.22896394265117,-4.9809278009324,4.91725839124443e-06,0.000641829941054573,3.73367264490582
"ENSG00000259379",-3.97815331185972,-1.33821029607778,-4.96875515706304,5.14621720657649e-06,0.000665235447391601,3.75461992126906
"ENSG00000231409",-3.65518253658052,-2.85729208452879,-4.96005078074556,5.3163097068327e-06,0.000682831574549802,3.70060418604334
"ENSG00000213598",-3.11626063680481,-4.59578426378833,-4.95244497541838,5.46943262204621e-06,0.000695829526175638,3.46981633734858
"ENSG00000152422",-2.15118447250793,0.998918123120005,-4.94527198117461,5.61779414646862e-06,0.000712449716960036,3.84612084782785
"ENSG00000239719",-3.21200848895659,-1.68752060935614,-4.94404028259341,5.64366312501062e-06,0.000713479701105902,3.75899871342466
"ENSG00000228079",-3.97110081325659,-3.17570503574589,-4.93658309172422,5.80279284225622e-06,0.00073129742270967,3.54872741685167
"ENSG00000224083",-3.98491582034761,-2.64406636715265,-4.93427370934388,5.85295770510796e-06,0.000735314392689844,3.55270015360581
"ENSG00000113387",-1.58054441660444,4.85017837188429,-4.92359272110799,6.09054848408039e-06,0.000756328505364715,3.25043571740752
"ENSG00000120837",-1.88944690573403,1.55483012753985,-4.91264400569723,6.34388651664026e-06,0.000772839168915066,3.70171314581734
"ENSG00000201428",-3.8639328277775,-4.62016268799768,-4.8870941681334,6.97585481441593e-06,0.000823490881651433,3.35609694238665
"ENSG00000229659",-3.05591463820493,-2.37587589729277,-4.88084355214496,7.13960404708343e-06,0.000836811550731335,3.42085341124127
"ENSG00000150779",-1.93534610470451,1.42745759312241,-4.87558552795945,7.28025672964762e-06,0.000848350379841431,3.59537150018815
"ENSG00000201901",-3.91762433036576,-4.86995806636927,-4.84189668752914,8.24793294204429e-06,0.000939329745427944,3.20692764588225
"ENSG00000187504",-3.22638203966936,-4.36745038673931,-4.818740414597,8.98485938379478e-06,0.00100615408620423,3.07832228424465
"ENSG00000240392",-3.7928471788806,-4.36106075461854,-4.7991900594907,9.65681082337657e-06,0.00106362495540105,3.07623615574172
"ENSG00000232037",-2.32704134624347,-5.46446201391378,-4.79389948147004,9.84693502786084e-06,0.00108156703031208,3.00651749358015
"ENSG00000273149",-2.6812927671415,0.0602496658549978,-4.78025402381,1.03543404737592e-05,0.00111899246162922,3.27810875256628
"ENSG00000213942",-3.26926537536579,-3.67987292921668,-4.75017837718098,1.15645335876277e-05,0.00121072234190054,2.91127801929572
"ENSG00000219928",-2.39145918490571,-1.32456350770361,-4.74419400319927,1.18212998965602e-05,0.00123119144673967,3.0983905722062
"ENSG00000213867",-3.12624502170303,-2.53471785587453,-4.72960940205734,1.24706000436194e-05,0.00128827108989318,2.9158340072045
"ENSG00000244363",-2.97423833120978,-2.51330397903903,-4.71860318288141,1.29835097936161e-05,0.00133138394950237,2.91095229879276
"ENSG00000277713",-1.85266929637941,-6.53953701810341,-4.6922843529445,1.42949074378681e-05,0.00145095220231029,2.98371930568294
"ENSG00000229622",-3.8003593312909,-4.464525580286,-4.68277901956757,1.47995933344593e-05,0.0014837238185335,2.70050844648002
"ENSG00000232995",-3.44669097535098,-2.87439087769738,-4.67959142992458,1.49726975146624e-05,0.00149734424249865,2.75176630647595
"ENSG00000228071",-3.41305272190191,-3.97608046847859,-4.67245413846398,1.5367483654789e-05,0.00152921677695502,2.68433258690571
"ENSG00000220793",-2.31912033412903,-2.80367737535757,-4.66859815730819,1.55849745256171e-05,0.00154702998982434,2.68408328676651
"ENSG00000225224",-3.35840667983772,-3.70751048845123,-4.65043838581937,1.66502576038253e-05,0.00161684458016663,2.59678238189439
"ENSG00000119013",-1.57916173743655,3.26667343530528,-4.64634873036566,1.68997807795886e-05,0.00162926855371947,2.62682091847664
"ENSG00000232385",-3.10973850455095,-4.07868889735252,-4.63311067202965,1.77327263363208e-05,0.00170141065435029,2.51859185645139
"ENSG00000234073",-3.76132809600675,-3.14814015990402,-4.6185980892304,1.86918442902571e-05,0.0017776041180283,2.57861030987768
"ENSG00000235912",-3.15932349246508,-3.34239755474975,-4.61568048340646,1.88906774406848e-05,0.00179113918507173,2.52243312978694
"ENSG00000207583",-1.89130697884057,-6.52640713239123,-4.60450544792261,1.96714858556307e-05,0.00184391187415485,2.69356790824896
"ENSG00000279948",-3.53309255373498,-2.22946065830217,-4.5985199803218,2.01025318703996e-05,0.00187944647966001,2.5589315962194
"ENSG00000119737",-3.3174963763157,-1.6472951106,-4.57492561471703,2.18930698626648e-05,0.00202798431939827,2.51119394266624
"ENSG00000145088",-2.88537790414949,0.128289894112502,-4.54714969521472,2.42004147196963e-05,0.00221114789218462,2.49293745805303
"ENSG00000242571",-2.95399734661455,-3.05161659704962,-4.52532672310509,2.6177640348997e-05,0.00235962667558381,2.27181527597699
"ENSG00000230897",-1.52371512849326,-0.507744431639917,-4.51923427903588,2.6757130729654e-05,0.00240646570378871,2.40307673332987
"ENSG00000273691",-2.82693589442015,-0.240054373080265,-4.51326985690101,2.73365213096205e-05,0.00244762322870683,2.38227963631022
"ENSG00000188994",-1.56155173037034,4.02121950816389,-4.51245582216596,2.74165377467214e-05,0.00244933255665265,2.10608513423556
"ENSG00000234329",-3.40940774850207,-2.33827497861741,-4.50692801736406,2.79659559656824e-05,0.00248187055570058,2.20598102011542
"ENSG00000244720",-3.60461905202047,-2.01039375697296,-4.50345455358983,2.8316651273859e-05,0.00250745818174378,2.24752396308968
"ENSG00000231702",-3.61408041065588,-4.18034028978465,-4.49918947695303,2.87531232734055e-05,0.00253494092508213,2.13981951649572
"ENSG00000236735",-3.73614950014334,-5.31913312564199,-4.4646784098706,3.25337570654498e-05,0.00280402270399337,2.04571950886398
"ENSG00000207460",-1.5887024018205,-6.44371055630512,-4.45192409026306,3.40497753766044e-05,0.00288359350602638,2.18988987687229
"ENSG00000259924",-3.81607348218694,-4.17416959457578,-4.44777207977488,3.45579411026434e-05,0.00290648190001772,1.99823335334139
"ENSG00000254061",-2.2719481326108,-6.14976352062774,-4.43980413882885,3.55538532482354e-05,0.00296542740308207,2.02841606336725
"ENSG00000241352",-2.62584474387433,-2.28827652748171,-4.43608131599407,3.6028669965906e-05,0.00298644245354505,2.03242600116696
"ENSG00000202198",-3.25911109598258,6.03222644425914,-4.43106290121746,3.66784855985218e-05,0.00302161573367166,1.28411752735845
"ENSG00000234093",-3.11762893345103,-2.91794607377611,-4.4276371120652,3.71285996319211e-05,0.00304621216816835,1.96415848423689
"ENSG00000257315",-3.3447750931772,-1.36414198338607,-4.41875783402981,3.83203578937301e-05,0.00311223237988634,1.99886117773809
"ENSG00000277918",-3.33452612075603,-5.47078376380985,-4.41363110182623,3.90252828675336e-05,0.00315473459894403,1.88436093109026
"ENSG00000255823",-2.62244708394914,-1.59867038011024,-4.40661392158403,4.00105834935743e-05,0.00320280618482972,1.98200543756246
"ENSG00000153140",-3.05392281405682,-1.55024902017387,-4.40576681029533,4.013114964846e-05,0.00320280618482972,2.00507500924457
"ENSG00000279166",-3.15401445848453,-1.12169786441602,-4.40218258721155,4.06451926843954e-05,0.00322291525897054,1.99276633104774
"ENSG00000241494",-2.89002524084625,-2.96000274583376,-4.37413979172378,4.48936661622876e-05,0.00349093842757502,1.82576585399191
"ENSG00000182004",-1.74825360829072,2.17567062483324,-4.37210128911824,4.52187611191253e-05,0.00350942979635343,1.79862268843126
"ENSG00000202538",-4.17330932504425,-1.82885858618668,-4.36775828912877,4.59190040421632e-05,0.00355690905684594,1.88169957387217
"ENSG00000225416",-3.34914564934505,-4.60748161544498,-4.35959679619314,4.72634827172612e-05,0.00364699910211005,1.69133218875936
"ENSG00000177683",-1.57650841140796,2.50377739101073,-4.35824814254647,4.74892970233341e-05,0.00365041055245139,1.78852246253281
"ENSG00000166275",-2.09461157822583,0.906580029243799,-4.35218354667963,4.85177300702792e-05,0.00370819350624594,1.86466530220564
"ENSG00000200488",-3.42706964745022,-3.40642995246504,-4.33452965208422,5.16359131150416e-05,0.00391673014915265,1.64691676241113
"ENSG00000154589",-1.75423722234431,2.70360242194745,-4.3329697225254,5.19205990351769e-05,0.00393090757516419,1.67228032907209
"ENSG00000253251",-3.6360782945376,-2.69091095064937,-4.32522143026998,5.33573522260952e-05,0.00403209074096519,1.69032250481724
"ENSG00000205544",-2.6947853720462,-1.07086103089621,-4.30537857849634,5.72146807925068e-05,0.00427536170487055,1.70070210366145
"ENSG00000278829",-3.37822319565986,-2.01776775238594,-4.30351794669389,5.75899267522009e-05,0.00428555635081614,1.64791879970352
"ENSG00000235175",-3.12417501487421,-5.32693380888419,-4.30326411544092,5.76413030321659e-05,0.00428555635081614,1.539045834585
"ENSG00000270673",-3.71937734228937,-3.79868021364595,-4.30100375452576,5.81007698613405e-05,0.00430953348702142,1.57079989359463
"ENSG00000275560",-2.9395802662174,-1.43866433504525,-4.29935809274195,5.84375156135146e-05,0.00431857537260021,1.6097240556024
"ENSG00000236977",-2.6044590958237,0.241359859776597,-4.29651936370167,5.90228426575496e-05,0.00434585406688426,1.69288488916989
"ENSG00000207322",-1.54578829910788,-6.5310057355557,-4.2950065616253,5.93370878067934e-05,0.0043610047605278,1.65315305323092
"ENSG00000163376",-2.5224225440793,0.0983543135504911,-4.28706454011227,6.10136035545288e-05,0.00445976161836212,1.66292215761593
"ENSG00000282961",-2.89637453179974,-3.15426445478837,-4.28644123934168,6.11471029683693e-05,0.00446140804634189,1.51779554594307
"ENSG00000229989",-3.19614022436757,-5.33508352317975,-4.27279932183685,6.414080347162e-05,0.00460462246636798,1.46785445869304
"ENSG00000233895",-3.09930551885609,-2.55806818699639,-4.27120461420145,6.44998877649516e-05,0.00462214703730229,1.50173374547746
"ENSG00000215414",-2.67895706293023,-3.3466709545929,-4.26756067379472,6.53277222433354e-05,0.00465656930784853,1.40982067549203
"ENSG00000272146",-3.40460369053045,-3.70316857547028,-4.26551644664501,6.57966258880141e-05,0.00467342041333912,1.44816873962051
"ENSG00000221325",-1.70515980820018,-6.44000218549567,-4.26429044520899,6.60794065213453e-05,0.00468522804404078,1.59239735377427
"ENSG00000265735",-2.07732410245377,-1.2363357153899,-4.25903537272222,6.73048884591903e-05,0.00473305966586221,1.51817153529158
"ENSG00000201785",-3.50686408680099,-4.85459024041372,-4.25837512602919,6.74604046698932e-05,0.00473305966586221,1.42070552527904
"ENSG00000249655",-3.38173835716374,-4.71780514453272,-4.25283339368778,6.87795008045665e-05,0.00478386417187748,1.40189607174717
"ENSG00000240622",-3.23439127225914,-4.33947440666195,-4.24401200322841,7.0930895096011e-05,0.00490907884615834,1.35144720314632
"ENSG00000252887",-1.74712331907164,-6.58043011707346,-4.24088682538739,7.17085832035164e-05,0.00494356913984464,1.40603284958216
"ENSG00000270956",-3.17641855565423,-1.65972403726681,-4.23985288209261,7.19676872855092e-05,0.00494356913984464,1.40433731992474
"ENSG00000251748",-2.90685648526942,-5.39380165008461,-4.23835240706167,7.23453149406489e-05,0.00494356913984464,1.377990638842
"ENSG00000184786",-2.48474631043858,-0.59572981441838,-4.23568406864731,7.30216021272285e-05,0.00495044595062199,1.50088162415932
"ENSG00000277211",-1.5431484359666,-6.59198575904064,-4.22300033787448,7.63207963220501e-05,0.00512228489772797,1.30915946393867
"ENSG00000173041",-2.70163695887857,-0.672132274069417,-4.2165951349853,7.80411992613049e-05,0.00520300546053562,1.43232656554459
"ENSG00000253646",-1.56029166733634,-6.59032609016326,-4.21065466563665,7.96702549411563e-05,0.00526793353477691,1.27311522855736
"ENSG00000250068",-1.56029166733634,-6.59032609016326,-4.21065466563665,7.96702549411563e-05,0.00526793353477691,1.27311522855736
"ENSG00000240399",-3.18166412038781,-2.12774061003093,-4.20941234602035,8.00150696110562e-05,0.00527747742354237,1.35612039711559
"ENSG00000259073",-1.5431484359666,-6.56966234353752,-4.20577186632658,8.10338405837156e-05,0.00532307591363813,1.25287070157001
"ENSG00000217195",-1.78887899907649,-6.57644177832128,-4.20481709512269,8.13030976949584e-05,0.00532662555415446,1.30193841771173
"ENSG00000248483",-3.72941933048617,-2.65629713705149,-4.20464093911389,8.13528702614506e-05,0.00532662555415446,1.2944258264641
"ENSG00000185231",-1.51887530170844,-6.59286936122864,-4.20113926153365,8.23483976737522e-05,0.00534825570804553,1.23627107567502
"ENSG00000265443",-1.79700357612404,-6.57565256656193,-4.19774799364126,8.33237554597733e-05,0.00538550099195146,1.28158328212629
"ENSG00000176900",-1.56992201839156,-6.58879180323997,-4.18837517824791,8.60778925144041e-05,0.0055279607585688,1.20472167762637
"ENSG00000251666",-3.29300800331883,-1.98993209968403,-4.18541132303637,8.69669639516819e-05,0.0055584195306606,1.2951754177289
"ENSG00000249646",-1.64553619940185,-6.54978635152366,-4.18476900103794,8.71608088015662e-05,0.0055596856470637,1.30473861212991
"ENSG00000252128",-1.51887530170844,-6.59286936122864,-4.18391641651759,8.74187533189486e-05,0.00556077329260818,1.18015667738782
"ENSG00000228007",-2.76308184343093,-5.46446703296002,-4.18243437903181,8.78688918659555e-05,0.00556629306046663,1.19373358419776
"ENSG00000232228",-3.35164986763069,-3.24201927980011,-4.18226361448842,8.79209017809141e-05,0.00556629306046663,1.24392059884399
"ENSG00000232858",-3.31243026175674,-4.88032928825759,-4.18085073775589,8.83523657426477e-05,0.00558481416287095,1.18724035534047
"ENSG00000263641",-1.57628966007187,-6.58806602435772,-4.18021303550342,8.85477765759687e-05,0.00558837945668304,1.18061533371324
"ENSG00000248956",-1.51887530170843,-6.57054594572552,-4.17444017308619,9.03358580888469e-05,0.00564802825332477,1.14933729464445
"ENSG00000267729",-1.51887530170843,-6.57054594572552,-4.17444017308619,9.03358580888469e-05,0.00564802825332477,1.14933729464445
"ENSG00000241612",-2.21285579723115,-2.61822402833695,-4.1701351398888,9.16919524138215e-05,0.0057150385595976,1.19442334805507
"ENSG00000268170",-3.24072396170033,-0.925944827161135,-4.15762439616914,9.57454143401523e-05,0.00589482835836617,1.21029861638316
"ENSG00000221972",-1.60530222753507,-6.58539732296527,-4.15724389331027,9.58713694852019e-05,0.00589482835836617,1.11635745761807
"ENSG00000239039",-2.37124821335473,-5.65990179882437,-4.15406419211667,9.69301980324411e-05,0.00593118389847823,1.16199525851658
"ENSG00000229752",-2.81933470366895,-5.3883331883843,-4.13564196785911,0.000103290560101031,0.0062244724505738,1.06049778232772
"ENSG00000274315",-3.33025457379891,-2.97600311723775,-4.13147183750201,0.000104785267398684,0.00627805859904901,1.06018137628439
"ENSG00000112232",-3.28148150594424,-3.52423249768168,-4.12690403451373,0.000106446471230046,0.00632055504174647,1.06581365475017
"ENSG00000241255",-3.21716285937789,-5.0696482375197,-4.12649870286216,0.000106595102689023,0.00632055504174647,1.02342374583324
"ENSG00000261775",-3.36391927680077,-3.95526004668205,-4.12563056218094,0.000106914116275535,0.00632082544486627,1.03669207131322
"ENSG00000125414",-1.55497335055393,-6.49947990505984,-4.11672785779106,0.00011023919815413,0.00647644136632071,0.966128517304442
"ENSG00000237875",-1.66212941852391,-6.31293288382191,-4.1154703339609,0.000110716841498427,0.00648839425935824,1.10019783714966
"ENSG00000254685",-2.13932976290273,0.985719349810263,-4.11019993262337,0.000112740502278102,0.00655019155790674,1.10439006962347
"ENSG00000274012",-2.12606139828347,2.14083207434202,-4.10991946209517,0.000112849187901639,0.00655019155790674,0.990102858682514
"ENSG00000280107",-3.35318724440466,-4.72776891983414,-4.10607495725608,0.000114349206516753,0.00660688021570414,0.973702266358595
"ENSG00000249328",-1.6931476713562,-6.39285131055683,-4.09355976803833,0.000119366682322947,0.00684561963302012,0.911238714136432
"ENSG00000164211",-2.72943114620831,-0.0753474363018666,-4.08954670057134,0.000121020050505784,0.00690106109281354,1.05054805620128
"ENSG00000279513",-2.18805673053794,-6.17996043363975,-4.08441369233384,0.000123167042130826,0.00697403017992036,0.962126109734189
"ENSG00000269667",-1.62449156519851,-6.55090003562212,-4.08165640844887,0.000124335451456587,0.00702265627487488,0.879971917716996
"ENSG00000231006",-3.08881027757748,-4.40543257777166,-4.07650215934482,0.00012654830754223,0.00710544002767144,0.87419704405582
"ENSG00000152348",-1.83813701152467,1.45703747061037,-4.07322157284759,0.000127976472693849,0.00716561302957957,0.925804823426444
"ENSG00000220583",-2.42758809592504,-3.00474178449579,-4.06919325745695,0.00012975141415171,0.00721475290695301,0.888809414856529
"ENSG00000225918",-2.91953998341151,-4.35135532738928,-4.06864730108063,0.000129993789764138,0.00721824632057715,0.843685651390915
"ENSG00000264596",-1.55324592855717,-6.55090003562212,-4.0626786633555,0.000132672173816198,0.00732649276340494,0.915761125226706
"ENSG00000226004",-3.73653857813685,-5.05807365946631,-4.04969945745221,0.000138681305476857,0.00758898306113969,0.822316655499738
"ENSG00000280232",-2.72102113522229,-5.67988494694834,-4.04227110001139,0.000142237605659478,0.00771893302630704,0.820020395395751
"ENSG00000236908",-1.65261800517653,-6.49949814122752,-4.03928356990218,0.000143692507867627,0.00777486702731406,0.754944719168786
"ENSG00000069535",3.13811545386693,-2.82001484389967,4.03776359726489,0.000144438213206073,0.00779423496283295,0.877964882241881
"ENSG00000035499",3.14794983634152,-2.49110037044518,4.03623789119761,0.000145190479372625,0.00780340595152176,0.857764468638086
"ENSG00000268785",-3.46133756437647,-4.16065722071113,-4.03471260631657,0.000145946309299201,0.00782311136859529,0.784874128097983
"ENSG00000109674",-3.2658452270528,-2.73277839837788,-4.0332378915022,0.00014668068247589,0.00784156488948902,0.82808090132013
"ENSG00000247287",-1.9813110746434,0.535489785581945,-4.03194983417537,0.000147325015261445,0.00786555147880558,0.850949208247004
"ENSG00000233033",-1.79298632943494,-6.45287666730817,-4.02838052667614,0.000149124786252985,0.00793004584251654,0.737937782638125
"ENSG00000253590",-3.52368441604042,-4.24213733653708,-4.01497822100203,0.00015607358488425,0.00822131578279022,0.736015497542025
"ENSG00000281974",-1.59607889108784,-6.5352994620561,-4.01441066094125,0.000156374628454949,0.00822131578279022,0.641121072510055
"ENSG00000242060",-3.14640251936412,-5.43556459741866,-4.01285983445688,0.000157200066631659,0.00823957898138978,0.716605245116104
"ENSG00000151881",-2.34360049775674,-0.13353405237897,-4.00435134924049,0.000161803929060042,0.00837591529047719,0.791775586260194
"ENSG00000266719",-1.79337524890468,-6.34145045494595,-4.0015734232386,0.000163334941630797,0.00841901401902229,0.783722784763301
"ENSG00000197841",-2.42589323820073,0.370343605100034,-4.00051773089048,0.00016392041883763,0.00843780880679947,0.761589989971952
"ENSG00000264853",-3.72756241262941,-2.24802795450423,-3.99651116017863,0.000166160857645711,0.00852040663147049,0.716407794346208
"ENSG00000226089",-2.32542458531128,-6.1524695959818,-3.99608238001111,0.000166402365846224,0.00852192090668779,0.711939836061555
"ENSG00000166262",-2.35850763514683,-1.64424953003506,-3.98865480596754,0.000170639900313636,0.00867579648088452,0.733822380100333
"ENSG00000200522",-2.02609235562039,-6.05882029611653,-3.98854757443383,0.000170701831162123,0.00867579648088452,0.711531702030493
"ENSG00000196466",-2.42541151154522,0.301373748135803,-3.98769373050019,0.000171195735181596,0.0086899128103163,0.741814023604621
"ENSG00000240674",-3.05102186461734,-4.27390131266205,-3.98003869745463,0.000175685615488438,0.00880580033859583,0.598634506898144
"ENSG00000155657",-2.08977568279488,2.41232845667204,-3.97969774345684,0.000175888206355217,0.00880580033859583,0.512160306143575
"ENSG00000244527",-2.63041341421872,-3.08033857121195,-3.97111552452595,0.000181062306607008,0.00898650228421595,0.627225139375626
"ENSG00000228495",-3.42569192937661,-4.43297157218085,-3.96925987808791,0.00018220014101143,0.00898910158570431,0.57861852887355
"ENSG00000273148",-3.00420262319476,-1.47579532223251,-3.96685597051562,0.000183684381908228,0.00901765188014745,0.661404356249926
"ENSG00000031691",-3.21925811212291,-2.072283259953,-3.96599407350824,0.000184219367819286,0.00903169149398896,0.647881933639958
"ENSG00000164258",-1.61030471562924,1.54214030090202,-3.96334047886647,0.00018587589760561,0.00908862415938903,0.518316838257748
"ENSG00000234578",-1.77146716016913,-6.50587515373958,-3.95886229792124,0.000188703971218169,0.00919548733443978,0.511562586761426
"ENSG00000254373",-2.75866731403235,-4.88287552414166,-3.95807140954821,0.000189207714580083,0.00920887232632988,0.525888927715616
"ENSG00000198707",-1.73742653285324,1.91619315698455,-3.95584464323092,0.000190632970468163,0.00926037914559575,0.498019460437106
"ENSG00000206559",-3.36633325983323,-4.30816839585347,-3.95500124731747,0.000191175481572694,0.00926037914559575,0.540749911473296
"ENSG00000250069",-3.37159032698366,-3.7291107445304,-3.95492597699174,0.000191223970987634,0.00926037914559575,0.541178193022622
"ENSG00000136603",-1.53714061427683,2.22219005379931,-3.95299770327836,0.000192470210501858,0.00929022041302833,0.549149600600567
"ENSG00000230590",-1.82188184240711,1.10364303063767,-3.94256303953387,0.000199350707266167,0.00954082992085052,0.558225828496766
"ENSG00000239246",-1.98530386746723,-2.51837857006863,-3.93957967073405,0.00020136096587792,0.00961414910952985,0.516181854113837
"ENSG00000230923",-1.55209317395844,-6.40808412584552,-3.93664157134992,0.000203359751127156,0.00968657430665158,0.565105141915687
"ENSG00000232373",-3.31668158323973,-4.64600626318411,-3.93142853287511,0.000206953186970565,0.00975520295048173,0.483032238272695
"ENSG00000115540",-2.14871465895615,0.873235468337873,-3.92583049144743,0.000210879920672622,0.00989240906753879,0.527292732055685
"ENSG00000227525",-2.9929070606622,-4.44031700360452,-3.92089363951444,0.000214402170115194,0.0100109129418943,0.426937601780324
"ENSG00000143776",-2.58527258017324,-0.418918365498886,-3.91727882148779,0.00021701696306883,0.0101095202193431,0.529136671201903
"ENSG00000279511",-1.76210659461299,-6.51360546651862,-3.91446505754513,0.00021907348092851,0.0101465346547096,0.369515507143999
"ENSG00000081148",-2.7086782505093,-2.18084902965316,-3.91251651501225,0.000220508581453525,0.0101895241282697,0.46543321362115
"ENSG00000230006",-2.45347454860884,-0.0255799977345668,-3.90687268667377,0.000224716379429958,0.0103364392286535,0.48483914134972
"ENSG00000232192",-1.60530222753507,-6.53037069485811,-3.89987583382616,0.000230040034711814,0.0105091698585049,0.298898015057866
"ENSG00000245105",-2.64254659726519,-1.19673691138855,-3.89935634268493,0.000230440088900978,0.010515496542562,0.475464962655801
"ENSG00000189050",-1.50979684333871,2.06340549535995,-3.89855152355001,0.000231061190041734,0.0105220568021383,0.36264039326312
"ENSG00000244245",-1.59767562777916,-0.58307053662893,-3.89637522794658,0.000232748755688382,0.0105747684199554,0.467440322790624
"ENSG00000244538",-2.71061659707133,-2.80375016220527,-3.8956455193695,0.000233317237662316,0.0105747684199554,0.424826086238693
"ENSG00000223502",-1.56526688935441,-6.52257422234981,-3.89474392306481,0.000234021470178506,0.0105791034832593,0.266879501642806
"ENSG00000177853",-1.6648966354147,2.90927633460719,-3.89377889373007,0.000234777510441717,0.0105791034832593,0.250664148197721
"ENSG00000087128",-1.55795583927386,-6.36403027320086,-3.89205655330586,0.000236132686299346,0.0105791034832593,0.414836224761659
"ENSG00000173626",-3.04430307072149,-2.68841845636884,-3.89005313045933,0.000237718470143626,0.0106262230390239,0.409837586725159
"ENSG00000280433",-1.59979703209994,0.545232988847345,-3.88880184167077,0.000238714091829068,0.0106398583741154,0.428061429526908
"ENSG00000113597",-1.72901794575239,1.67501137030478,-3.88506545178042,0.000241710923410667,0.0106785208957121,0.35062169355035
"ENSG00000258904",-3.28671819627633,-2.25229090107377,-3.88196139034631,0.000244228009288808,0.0107480404222936,0.379676147597351
"ENSG00000230837",-2.73006611886787,-4.98400875966855,-3.87965898433268,0.000246111258773418,0.0108132948909387,0.335830014787037
"ENSG00000233730",-3.61463301431546,-4.43751123403399,-3.87768372724691,0.000247738014426211,0.0108491978823121,0.331857296499719
"ENSG00000225014",-3.4351818547756,-4.75482049888881,-3.8748277150741,0.000250108383767759,0.0109410851406218,0.334267797606947
"ENSG00000230225",-3.28143070635987,-4.00167755813627,-3.86353407699371,0.000259696509130733,0.0112407135942142,0.298027648434241
"ENSG00000181061",-1.6367827285601,1.13040495804443,-3.8590892954179,0.000263565912635088,0.0113811781092973,0.322713576312703
"ENSG00000213976",-3.23156248520376,-3.29147454264179,-3.84950208686252,0.000272101158878193,0.0115891006544355,0.260978161597289
"ENSG00000107890",-2.2745079039292,1.12307138362744,-3.84734050629325,0.000274061844821116,0.0116344607027439,0.265497040135328
"ENSG00000225377",-2.89992667676691,-2.79914759366486,-3.8462502786869,0.000275055879267581,0.0116643422556068,0.268372542837771
"ENSG00000174521",-1.81562671592681,-6.52915722100248,-3.84278649474637,0.00027823703193013,0.011737340144444,0.16707640880363
"ENSG00000257169",-3.30282798392014,-4.58472931873672,-3.84029121999621,0.000280550523968835,0.0117854672566302,0.218380387278208
"ENSG00000104231",-1.52433931621977,1.96701328438338,-3.8391094474512,0.000281652626615683,0.0118194142956197,0.122436880699053
"ENSG00000274579",-1.51833134264742,-6.54160170116837,-3.83545532554189,0.000285086717068226,0.0119137798332399,0.0853157680579635
"ENSG00000262953",1.92892278162235,-4.71883543136401,3.83249548813935,0.000287897708824931,0.0120187577260435,0.262509626767256
"ENSG00000279598",-3.0687075238626,-2.36167972091626,-3.83050222454321,0.000289805679843929,0.0120733346539747,0.215954252554756
"ENSG00000268101",-1.54314843596659,-6.51290533870099,-3.82901980968608,0.000291232511806029,0.0121076829778966,0.0558258256910786
"ENSG00000213860",-2.0707621048785,-2.26721839951028,-3.82853323965905,0.000291702303478124,0.0121083919914084,0.239483167114224
"ENSG00000242670",-1.52252105012544,-6.27906367492992,-3.82837841280824,0.000291851943676303,0.0121083919914084,0.266921106650819
"ENSG00000225770",-2.16819135762898,-4.56610154349911,-3.8246014559233,0.000295525239217265,0.0122355362173146,0.143619629538772
"ENSG00000272417",-2.95110042761737,-5.35168913716369,-3.81729558358865,0.000302756684186095,0.012480037475676,0.16645916869132
"ENSG00000226686",-3.20422365126263,-4.32004769169671,-3.81546397481845,0.00030459603490253,0.0125154586962441,0.15525814944091
"ENSG00000249850",-3.3368398802943,-3.35148350319641,-3.81276451613064,0.000307326428274201,0.0125737979631083,0.162736911732359
"ENSG00000204001",-3.67964433573528,-2.96130542162203,-3.81260585049338,0.000307487639434469,0.0125737979631083,0.210667776955296
"ENSG00000089335",-1.82782084698824,2.58778748891209,-3.81143584970798,0.000308678914069887,0.0125857096383749,-0.0339042282243227
"ENSG00000211979",-1.59845496010187,-6.47033772815862,-3.80896081563283,0.000311213533233239,0.0126761970243594,0.0150121352781714
"ENSG00000224972",-2.39215800341689,-5.75753902708782,-3.80733994820407,0.000312884209639212,0.0127077560754788,0.166025160985189
"ENSG00000231940",-3.18486540447263,-4.09462434242569,-3.80594185058672,0.000314332166617739,0.012738691292708,0.127302677025151
"ENSG00000213700",-2.77449711513504,-2.88308512047511,-3.80248264152834,0.000317942369436008,0.012839150689473,0.121781937282455
"ENSG00000259070",-3.31816892006513,-3.06060534827234,-3.8024639321979,0.000317962002948963,0.012839150689473,0.137422707205116
"ENSG00000237272",-3.29492123289136,-4.74561611571464,-3.80102675555612,0.000319473646145601,0.0128821259000456,0.113934542461957
"ENSG00000159784",2.03024398719991,1.02351682298344,3.79864069455227,0.000321998546337294,0.0129062667595732,0.179008328851317
"ENSG00000222162",-2.7336316254567,-5.36196658416056,-3.79497219120438,0.000325917813715054,0.0130244015377461,0.119711210181993
"ENSG00000225169",2.31049430829668,-3.09877958286609,3.79164652570809,0.000329510239586954,0.0131288113497272,0.0974680107973223
"ENSG00000253785",-2.01763564967071,-4.18549559205505,-3.79123061578252,0.000329962168300914,0.0131338010792409,0.0449409690173628
"ENSG00000122481",-2.7222724583099,-1.04301994108414,-3.78908365961564,0.00033230450796152,0.0132008950880129,0.156295944440799
"ENSG00000213343",-2.45644721642677,-5.06649609970377,-3.78843448105284,0.000333015893069722,0.013216095689229,0.0559947750927607
"ENSG00000207808",-2.79705430872174,-2.07665679326234,-3.78660982848934,0.000335023204811004,0.013263717733817,0.136493825230208
"ENSG00000218069",-1.52160786630349,-6.30539907567217,-3.7858457219264,0.00033586723883559,0.0132768286486415,0.143879713806751
"ENSG00000274618",-3.31437228062828,-5.20475278753182,-3.78311758058315,0.000338897385676671,0.0133656628260264,0.0773192945218817
"ENSG00000085231",-2.01186342722572,-0.581837507131993,-3.78262761931786,0.000339444349668499,0.0133656628260264,0.137210948446739
"ENSG00000145390",-1.90235619884504,1.39696245128892,-3.78172068782909,0.000340459024653684,0.0133762388479155,0.0304700054019875
"ENSG00000279590",-1.66104237085557,-6.44327589484449,-3.7811802058906,0.0003410650954908,0.0133770721648011,0.0562494685055164
"ENSG00000225195",-3.14015378648711,-2.3837453087519,-3.77885517218547,0.000343684071726323,0.0134535414328545,0.104836368022701
"ENSG00000196912",-2.57024578535702,0.459591849561156,-3.77515631913858,0.000347890252525757,0.0135170179735913,0.0973394596145809
"ENSG00000092208",-2.45497196620506,-0.44925718026963,-3.77506434822332,0.000347995462978633,0.0135170179735913,0.112552618402279
"ENSG00000216809",-3.35687622955466,-4.12075846415856,-3.77334713783618,0.000349965471482113,0.0135412048936707,0.0488415997335627
"ENSG00000232118",-1.79399579246638,-6.50269209702818,-3.77201709952685,0.000351498638469016,0.0135743979478688,-0.0312882585201226
"ENSG00000160124",-1.76968152766441,0.607370160243233,-3.7716260271732,0.000351950658030781,0.0135788103206847,0.0376690303673097
"ENSG00000242899",-3.16670111571171,-3.67396006158486,-3.76719957343958,0.000357105882207413,0.0137381537574186,0.0243088762738681
"ENSG00000272953",-2.72824837727006,-0.786204316590849,-3.76496242689915,0.000359738753567044,0.0137735403532403,0.0829680972200268
"ENSG00000261369",-1.74185129231629,-6.49065263104987,-3.76051183084823,0.000365031923057173,0.0138967929647202,-0.11180807003274
"ENSG00000270168",-1.59845496010187,-6.23951466075282,-3.7597732344746,0.000365917523673655,0.0139173285588725,-0.135434552389964
"ENSG00000278963",-3.03925502141275,-2.83200254783142,-3.75916353368819,0.000366650122223048,0.0139188557257894,0.015775874817459
"ENSG00000200893",-1.5692957580761,-6.46167007161939,-3.74547399990235,0.000383473176383653,0.0144132458884827,-0.197972651578274
"ENSG00000264281",-2.41645061532837,-1.82956973501808,-3.74507406550918,0.00038397558197515,0.0144132458884827,0.0270382878876028
"ENSG00000226525",-2.91776303979291,-2.74027049842006,-3.74266878241852,0.000387010444590423,0.0144328329252544,-0.0116671015537264
"ENSG00000199168",-1.51658774332215,-6.29947505720209,-3.73689106750018,0.000394394439440889,0.0146538311038841,-0.0951195197714112
"ENSG00000251149",-1.80929110990901,-6.25455447660834,-3.73062127807995,0.000402559597925909,0.0148884093429783,-0.013676547472528
"ENSG00000265727",-3.46462650713051,-4.43049044966362,-3.73012881577064,0.000403207729617204,0.0148986738474916,-0.0705382391803759
"ENSG00000199477",-1.56553909538216,-6.26962863622785,-3.72854956798221,0.000405292916986852,0.0149345424827731,-0.0569579131868947
"ENSG00000273271",-3.01539629507513,-3.10403599295623,-3.7187762053759,0.000418428350243724,0.0152545578403669,-0.0975851829643739
"ENSG00000211870",-3.18747290583925,-4.44805633287022,-3.71723929953917,0.00042053060848213,0.0153057216428464,-0.115934438954284
"ENSG00000251014",-1.67117054448749,-6.53864088838822,-3.71115427226068,0.000428953490474799,0.0154661777794331,-0.288770527472907
"ENSG00000278863",-3.12563688048195,-4.98558755967965,-3.71016797322007,0.000430333808325406,0.0154866031230478,-0.128757343160892
"ENSG00000135976",-1.81642994171901,1.68112741574675,-3.70992418216417,0.00043067564528052,0.0154866031230478,-0.207534224588316
"ENSG00000275481",-3.28060058203496,-3.07952896034528,-3.7081700355332,0.000433142917160251,0.0155614044286653,-0.112325450870369
"ENSG00000214460",-2.37502699960261,-2.34012047746925,-3.70507040434061,0.000437535696512127,0.0156607034952521,-0.113538148337459
"ENSG00000202159",-2.05133402418697,-6.21861797167221,-3.6978910857634,0.000447874136632918,0.0159270363168895,-0.107004567829249
"ENSG00000258824",-2.88773340423255,-2.28654579827469,-3.69577583572153,0.000450964372827085,0.0159911671993106,-0.119934651228555
"ENSG00000229921",-2.08917211024411,-6.14786229799753,-3.68206860776883,0.000471488491004086,0.0165260010400231,-0.164507812050505
"ENSG00000143452",-2.95540073160716,-1.67922839034686,-3.67479512184041,0.000482738184319828,0.0168042292288942,-0.191837130929736
"ENSG00000186132",-1.86994035684022,0.0760285811866173,-3.67439092821008,0.000483370791425451,0.0168042292288942,-0.187330316396375
"ENSG00000231884",-2.48671444042133,-5.49342846315019,-3.67284820987507,0.000485792591460116,0.0168215622410677,-0.211895311677582
"ENSG00000122483",-1.82076032967409,1.64113370050202,-3.67005607815806,0.00049020521582997,0.0169306100402032,-0.305223542791834
"ENSG00000270050",-1.71861907929255,-5.99144556087495,-3.66915213712896,0.000491641958757433,0.0169555283258203,-0.185695522894129
"ENSG00000233008",-2.77445305683103,-5.53594073197883,-3.66907156842468,0.000491770211131448,0.0169555283258203,-0.233407568564562
"ENSG00000215297",-1.90482026879697,-6.03808107583072,-3.66761304434578,0.000494097471403276,0.017021170990021,-0.197460686604854
"ENSG00000272750",-2.85140293825198,-1.69937292002223,-3.66298745687585,0.000501547868641967,0.017218810772967,-0.21648868278482
"ENSG00000243969",-1.64615481346798,-6.31762574186393,-3.66193359187122,0.000503260244234576,0.0172334483294024,-0.327331315278146
"ENSG00000136866",-3.02845882291506,-2.6808242572201,-3.65793580317828,0.000509806890648461,0.0173394726039335,-0.23910499199649
"ENSG00000182993",-3.2334180247975,-3.97489640410312,-3.65581009960238,0.000513320861329139,0.0174009079167306,-0.278522021489878
"ENSG00000184068",-3.12584173633674,-3.71760953032693,-3.65579582891674,0.000513344529855292,0.0174009079167306,-0.286135957796609
"ENSG00000273451",-3.30066719438577,-4.86354620156215,-3.65519902711077,0.000514335282700164,0.0174198037364044,-0.266940804461991
"ENSG00000213542",-2.42671092749441,-2.24504018428352,-3.65408025055364,0.000516197482120809,0.0174597634764001,-0.237134732796385
"ENSG00000163492",-2.48878820056017,-1.70109348158598,-3.65344822068063,0.000517252333227017,0.0174597634764001,-0.22976105174872
"ENSG00000229623",-2.65033439522856,-5.70803416102465,-3.65274876302968,0.000518422116251513,0.0174845687227712,-0.263105484152707
"ENSG00000188732",-2.58802067944342,-1.05323004550661,-3.65243999680136,0.00051893930338385,0.017487341051666,-0.23283793475967
"ENSG00000184012",-1.61637196360782,-6.33529100781808,-3.65131594867347,0.000520826255495434,0.017521554078182,-0.283681363855426
"ENSG00000253641",-2.96530859034704,-2.30285784146083,-3.64784120918271,0.00052670079066093,0.0176171190705187,-0.287330847570692
"ENSG00000229054",-3.43107518484857,-3.31489016321974,-3.64782142470029,0.000526734419251864,0.0176171190705187,-0.290539427595487
"ENSG00000211647",2.03228818532305,-4.38073155249364,3.64441364549134,0.000532557415480868,0.0177234049810942,-0.263610583465796
"ENSG00000207445",-3.1103113395702,-4.71932890036906,-3.64101647966082,0.000538423314646956,0.0178447601776067,-0.311021474992112
"ENSG00000138036",-2.33384819254756,-1.09801636840192,-3.6377627545112,0.000544099228553505,0.0179441158214176,-0.276163420541312
"ENSG00000169019",-2.08714331273461,0.464851058114026,-3.63722984018256,0.000545034280618722,0.0179602197946179,-0.298526130272787
"ENSG00000104497",-2.30702108187397,-0.274208134147347,-3.63246210856795,0.000553468153694985,0.0181785348977498,-0.288405792300664
"ENSG00000211764",-2.83615365353152,-3.68549130096575,-3.63023772536841,0.000557445378651413,0.0182413798220162,-0.341272237100122
"ENSG00000037241",-1.68201463557548,1.03394180060718,-3.62949285173361,0.00055878329717078,0.0182413798220162,-0.403252276397264
"ENSG00000263740",-2.51925851206349,-1.47418617855917,-3.62910619443283,0.000559479004459776,0.0182413798220162,-0.309809747768969
"ENSG00000206585",-1.67245733849936,-6.31236297025849,-3.6268189816334,0.000563611264081985,0.0183468016507077,-0.369438610224424
"ENSG00000259429",-3.22161378527872,-3.6943004858282,-3.62372717147777,0.000569243408626317,0.0184703176058072,-0.361300255744838
"ENSG00000243568",-1.5431484359666,-6.42236084194264,-3.62016636569286,0.000575796316036347,0.0185917032844873,-0.577660044388793
"ENSG00000200795",-3.83315830929587,-4.36185647000917,-3.61993658452966,0.000576221638039679,0.0185917032844873,-0.350903105086611
"ENSG00000219133",-2.27757574790022,-2.70634236517547,-3.61685817372985,0.000581948672819207,0.0187127011534646,-0.359468442294688
"ENSG00000233836",-3.19461952082678,-3.51676565092242,-3.61484200188487,0.00058572886614393,0.0187629257981819,-0.369279680823381
"ENSG00000243175",-3.25776737702253,-2.9597643261567,-3.61005680416414,0.000594794635873793,0.0189176692653467,-0.378854143768683
"ENSG00000243071",-2.43879809416585,-4.83206145335281,-3.60721701804763,0.00060023774235282,0.0190395256348588,-0.426442816683921
"ENSG00000224417",-1.55497335055392,-6.51471272034853,-3.60657880875863,0.000601467527890917,0.0190395256348588,-0.615665458018388
"ENSG00000230847",-3.67742223073921,-4.41397149795908,-3.60384014133392,0.000606772036932001,0.0191459762050116,-0.402878426363711
"ENSG00000180747",-1.88528473202671,1.1796480865351,-3.6036142366335,0.000607211573090636,0.0191459762050116,-0.45205591469218
"ENSG00000273716",-1.87059176655518,-0.788118379105902,-3.60090777054136,0.000612501087854624,0.019242393946703,-0.391977535050152
"ENSG00000260400",-2.99902115314326,-2.92830593778109,-3.60077168195679,0.00061276821408009,0.019242393946703,-0.398488319728097
"ENSG00000259626",-3.98160720600703,-4.31893831802286,-3.60058170493417,0.00061314130256521,0.019242393946703,-0.403819928655625
"ENSG00000245017",-3.00884559163905,-3.2498644987107,-3.59929963656763,0.000615664765787142,0.0192914691458883,-0.428219445226385
"ENSG00000267637",-2.58580630802248,-5.80344352034105,-3.59681498788748,0.000620583407316193,0.0194153261797086,-0.415121049933485
"ENSG00000274737",-2.4224885581673,-1.08746518110667,-3.59528326430782,0.000623634237017401,0.0194502277708096,-0.394843406017101
"ENSG00000231549",-2.09092931377185,-5.40323557616153,-3.5933052932512,0.000627595006891941,0.0195434349086521,-0.433215600192443
"ENSG00000279106",-2.73630655646157,-2.11264686779807,-3.59277297543374,0.000628665023066565,0.0195541281283406,-0.408265581197267
"ENSG00000006042",2.13842661857549,-4.66168096246969,3.59265063277122,0.000628911190237908,0.0195541281283406,-0.410024893773379
"ENSG00000254936",-2.87013689671335,-2.8828709839973,-3.58919749750962,0.000635897238439861,0.0196990807055944,-0.438665104796427
"ENSG00000239470",-2.59936108926176,-3.83776544057639,-3.57885571373932,0.000657264131955002,0.0200480520734863,-0.479031541114463
"ENSG00000241680",-2.5237489494525,-4.79602358305827,-3.57416872606107,0.000667171108551146,0.0201255423090614,-0.500944154303155
"ENSG00000262408",-3.38045735179384,-3.24495614164325,-3.5672858492837,0.00068197734187166,0.0203842773962264,-0.502174780088271
"ENSG00000240759",-2.86374872671532,-4.22809681114289,-3.56657621749736,0.000683521523859819,0.0204000982199053,-0.520150763257379
"ENSG00000163530",-1.58421833816789,-6.36523453537709,-3.56417512518553,0.000688771071144817,0.0204287303468479,-0.613993659892076
"ENSG00000212443",-3.19527418483979,-4.79102235239652,-3.56400266371612,0.000689149598301216,0.0204287303468479,-0.517938632865415
"ENSG00000271347",-1.64538516293992,-6.23579412908603,-3.56211783451679,0.000693299429953506,0.0205243178814365,-0.491924804835276
"ENSG00000224442",-3.3391046644839,-3.55138623871431,-3.56060347083116,0.000696650807516524,0.0205502248299943,-0.515305269239129
"ENSG00000278987",-3.0954669750995,-3.83772139681828,-3.55892287978058,0.000700388084204921,0.0206143651462312,-0.529656257222503
"ENSG00000255700",-1.66322625362219,-6.48694054421667,-3.5572059862635,0.000704225765953322,0.0206663604847652,-0.751009087464456
"ENSG00000268472",-2.65516039453087,-5.47621636733592,-3.55698909058095,0.000704712001112252,0.0206663604847652,-0.524944144512771
"ENSG00000186471",-1.68481064540832,-6.43405562427199,-3.55597316701305,0.000706993742169723,0.020690229544269,-0.510730260754511
"ENSG00000224606",-1.70778182690219,-6.25635123842077,-3.55522715528671,0.000708673737129724,0.020690229544269,-0.550339409157814
"ENSG00000177469",2.44532880858002,0.0807217709563845,3.5544252764868,0.00071048377400261,0.0207277711773969,-0.530265746101946
"ENSG00000265218",-3.42791288571698,-3.01970868634141,-3.55276113410236,0.000714254182401376,0.020822658912908,-0.513410842332592
"ENSG00000198182",-1.95465869912845,0.452251871105398,-3.54316599913592,0.000736367273963473,0.0213027718640805,-0.593393929611052
"ENSG00000227486",-2.85432428492731,-3.70518732735177,-3.5424322707812,0.000738084742636757,0.0213295237082038,-0.580371809085546
"ENSG00000219085",-2.92705690740935,-4.05982946435562,-3.539595158028,0.000744761567230063,0.0213863603755593,-0.592529462656033
"ENSG00000164039",-2.17400344498003,-0.677446648376135,-3.53828840710625,0.000747856122155129,0.021426789900041,-0.557083537623883
"ENSG00000280248",-2.27178819061383,-0.527146925972962,-3.53810079917603,0.000748301403404247,0.021426789900041,-0.561951790025817
"ENSG00000203737",-2.99723098356581,-5.48799964840229,-3.53233650270846,0.000762106164534639,0.0217065887016666,-0.590859065759057
"ENSG00000136929",-1.98148419397769,2.8126792092716,-3.5318972101375,0.000763168075107517,0.0217065887016666,-0.97960303690434
"ENSG00000233747",-2.89805750100344,-5.03387184698685,-3.53177143392475,0.000763472375109611,0.0217065887016666,-0.612597209598615
"ENSG00000254522",-1.66343995928417,-6.3277295786007,-3.530644019311,0.000766205166168869,0.0217465626760302,-0.583518805266984
"ENSG00000266127",-3.24054360680093,-3.64581978901702,-3.52925574826775,0.000769583022585749,0.0218086747200968,-0.611687856676636
"ENSG00000279570",-2.58046299440095,-1.82035133500924,-3.52873229500435,0.000770860324791243,0.0218086747200968,-0.580808647053018
"ENSG00000251656",-1.72275379294233,-6.26027925609881,-3.52791240014193,0.000772865034792257,0.0218188981951642,-0.789393509412117
"ENSG00000269028",-2.20919671797781,-2.06841608808891,-3.52630977566287,0.00077679788809545,0.0218824618422866,-0.595197441688121
"ENSG00000212124",-2.58930255325117,-5.5942298005737,-3.52611440341675,0.000777278630684673,0.0218824618422866,-0.602246464096411
"ENSG00000271204",-2.94279004978433,-1.71120988528851,-3.52567363063602,0.000778364255823844,0.0218976905616726,-0.586517702541872
"ENSG00000258526",-2.28959425022802,-5.56709873121108,-3.52306896259313,0.000784809014857015,0.0220325519609377,-0.601495142577456
"ENSG00000202502",-1.54292132316846,-6.16709905652644,-3.52212852397537,0.000787148377160346,0.0220368656396938,-0.593121188913669
"ENSG00000100902",-1.54905207177085,1.3591503801134,-3.52102085784997,0.000789912213022603,0.0220834845535012,-0.679829204057068
"ENSG00000096872",-1.78542737582443,0.535043328549143,-3.5200234086955,0.000792408918497819,0.0221071640121092,-0.683088222085813
"ENSG00000204311",-3.06304946710843,-2.95799536740106,-3.51896127570341,0.000795075769199406,0.0221354820452594,-0.611857305096185
"ENSG00000123975",-2.28618908641488,-0.613399165015958,-3.51769224901515,0.000798273270037365,0.0221937634868895,-0.611886938240332
"ENSG00000167900",2.30592595826002,2.34118945378864,3.51742213256877,0.000798955442391849,0.0221973785038266,-0.635811518655479
"ENSG00000251580",-2.76317757193123,-3.13737237593489,-3.51635734968979,0.000801649919179365,0.0222414976196334,-0.625428603151725
"ENSG00000102189",-1.92888604102672,1.8158902126593,-3.51454357587125,0.000806259620780907,0.0223385591141516,-0.758374761718727
"ENSG00000199024",-3.18290699661352,-4.43654145602227,-3.50888532846402,0.000820802255530233,0.0225858263359524,-0.666303762847632
"ENSG00000119280",1.6156428704286,2.06603662966427,3.50850850607657,0.000821779541228679,0.0225972511056603,-0.674942719431159
"ENSG00000239419",-3.06138622696055,-3.34860143034626,-3.50627298212631,0.0008276001003551,0.0227139333793503,-0.669850002757872
"ENSG00000146243",-2.60645188518501,-1.43795681958536,-3.50533663939724,0.000830049630989142,0.0227623842189805,-0.638214605476199
"ENSG00000207741",-2.91589188105514,-2.75219372808279,-3.50423372348902,0.00083294375192048,0.0228261790829633,-0.665796786337292
"ENSG00000230002",-2.94508938363846,-3.63458469148726,-3.49724337989843,0.000851510707330298,0.023130022605468,-0.689036555314281
"ENSG00000088826",1.54212256784416,5.00373110457897,3.49584885564627,0.00085526136117637,0.0231849071085721,-1.17233738066027
"ENSG00000256981",-3.07072744909165,-4.70324466570163,-3.49363405079094,0.000861250434878903,0.0232688104724473,-0.701879577508427
"ENSG00000279202",-3.0218963552994,-3.1834252030168,-3.48777037191896,0.000877299124887977,0.0235837998992175,-0.721795796927315
"ENSG00000196911",-1.75479570652287,0.976907396475368,-3.48766061058784,0.000877602224994514,0.0235837998992175,-0.804298630881073
"ENSG00000160229",-2.71344963211294,-1.31900601062731,-3.48542242430734,0.000883804560051327,0.0237011951459953,-0.693510640831438
"ENSG00000229677",-2.43540708765528,-0.53228918287542,-3.48474643002288,0.000885685995374825,0.0237217510899792,-0.698934962508311
"ENSG00000260487",-1.64939653666101,-6.29298246870286,-3.48238060693716,0.000892300531308966,0.0238671097536148,-0.768148419301067
"ENSG00000271304",2.91624732513829,-1.97872404504757,3.47758568593732,0.00090585044718003,0.0241332005815318,-0.730707328066736
"ENSG00000228331",-2.26257086611449,-5.90298766570446,-3.47482821918607,0.00091373085172423,0.0242614457722272,-0.731743458441581
"ENSG00000153495",-3.02337054987755,-2.72810434834191,-3.47478091598265,0.000913866602096458,0.0242614457722272,-0.74140409706984
"ENSG00000240905",-1.7538029214884,-6.35203156970372,-3.47457669423246,0.000914452895586279,0.0242614457722272,-0.7221137947737
"ENSG00000265840",-1.69006168479174,-6.14211326704023,-3.47416646057633,0.000915631699517605,0.0242651454080466,-0.7229176239394
"ENSG00000211578",-2.99849373396345,-3.88822510418368,-3.47287296316986,0.000919357994744763,0.0243318170538045,-0.753999331453326
"ENSG00000196597",-1.50186825112421,1.34911873598421,-3.47069880904025,0.0009256536825193,0.0244264714881611,-0.854164962903162
"ENSG00000217130",-1.85967707639659,-1.88626460044496,-3.47058911511624,0.000925972403063469,0.0244264714881611,-0.73835034167749
"ENSG00000104412",-1.71627579069556,2.27398822342073,-3.46688095484259,0.000936808018287356,0.0246476151513012,-0.99138647200834
"ENSG00000149970",-2.32325300690158,-1.04764214555159,-3.46627598840413,0.000938587152133494,0.0246733035844088,-0.751383333774997
"ENSG00000006625",-1.8741999043148,0.126378469444573,-3.46287755736402,0.000948641194727906,0.0248289539781584,-0.79497112392652
"ENSG00000246067",-1.86117301200242,1.00026802971879,-3.46008399878092,0.000956982095064463,0.0249984367678892,-0.84844825046497
"ENSG00000205810",-2.82622858943226,-3.05590875363345,-3.45866659425144,0.000961240652468436,0.0250608279575461,-0.786548552986771
"ENSG00000212127",-2.90256246602606,-2.71562346570417,-3.45442701947595,0.000974085769833446,0.0252320851281213,-0.79214490650279
"ENSG00000258181",-2.27859193079995,-2.23226675816787,-3.45407720971402,0.000975152858283238,0.0252434611775291,-0.779786902552959
"ENSG00000217716",-1.51638491289457,-1.63732791659731,-3.45318200787655,0.000977888700585557,0.0252979932695885,-0.780468692259043
"ENSG00000280161",-2.79443727138546,-2.55370297961868,-3.45178937848625,0.00098215919734318,0.0253776727454621,-0.79072956514529
"ENSG00000235652",-2.90758096382554,-3.18334455970401,-3.45174819773117,0.000982285746590605,0.0253776727454621,-0.7943823914884
"ENSG00000272982",-2.83582442922021,-2.59793637627418,-3.45048068265611,0.00098618840652333,0.0254145809737506,-0.792121452435999
"ENSG00000164440",-2.34797823819036,-1.17137821790268,-3.44774094544214,0.000994674252190775,0.0255507919693971,-0.793506873821357
"ENSG00000265733",-1.64373947373673,-6.33362920152744,-3.44664641537926,0.000998083656498374,0.0255828457790909,-0.817697066669484
"ENSG00000252835",-3.2268664524416,-1.31273470791602,-3.43976040408312,0.00101978836702703,0.0259259579788495,-0.814773446005542
"ENSG00000225591",-3.05851469276319,-5.11094357396354,-3.43962502462238,0.00102021952943983,0.0259259579788495,-0.838863975737004
"ENSG00000227038",-1.52513282253255,-6.33438216515859,-3.43895236724406,0.00102236439843251,0.0259335089120128,-1.07194143902713
"ENSG00000234004",-2.02258338383978,-2.34468849733643,-3.43892495138358,0.00102245190850058,0.0259335089120128,-0.821236418073581
"ENSG00000263813",-2.00209846897696,-5.90373472170747,-3.43837476899403,0.00102420956328739,0.0259464632620014,-0.819208512946195
"ENSG00000164118",-1.50098293188958,1.46435466469301,-3.43836104298534,0.00102425344999742,0.0259464632620014,-0.942095562050448
"ENSG00000270048",-3.06351816248524,-5.255328646145,-3.43673407401073,0.00102946805313194,0.0260457361057332,-0.84732858440205
"ENSG00000245970",-2.10084946632996,-0.634394972038635,-3.43557454223377,0.00103319979994206,0.0260745124653299,-0.856377158451728
"ENSG00000247134",-3.00682472312627,-3.47517062390987,-3.43391411184384,0.00103856590374227,0.0261560974900699,-0.854036036856547
"ENSG00000256188",-2.69917701414353,-5.55137347206072,-3.43058353249055,0.00104940914913936,0.026336745637375,-0.854794989901546
"ENSG00000165462",-1.76210659461299,-6.41738897936414,-3.4292908224939,0.00105364657301551,0.0263854209760684,-1.08118500850153
"ENSG00000242539",-2.69637360147494,-2.08698881987852,-3.42916749100434,0.00105405169114885,0.0263854209760684,-0.849858168862637
"ENSG00000199226",-1.54983595648233,-6.16990973962908,-3.42786155571746,0.00105835046994714,0.0264600781049844,-0.847323011922613
"ENSG00000111537",-3.04452621716867,-4.04611214869146,-3.42685600741576,0.00106167175819856,0.0265120853249447,-0.879716758526387
"ENSG00000165443",-1.66273780623992,-6.4861686665447,-3.42497179774263,0.00106792180644492,0.026631242926849,-1.09764332475342
"ENSG00000184933",-1.56029166733634,-6.44316952248144,-3.42479534212273,0.00106850890107476,0.026631242926849,-1.14366245668519
"ENSG00000082269",-1.87977196887557,0.21720106297458,-3.42249000132452,0.00107620723421467,0.0267733188303826,-0.901237945293915
"ENSG00000236814",-1.98034660335076,-2.98812799378306,-3.42065282798769,0.00108237973915734,0.0268833633535614,-0.901458674996102
"ENSG00000182308",-2.465626044052,-1.1879555892913,-3.4205765273579,0.00108263681581553,0.0268833633535614,-0.870917841296914
"ENSG00000277539",-3.03290991011332,-3.86589579294368,-3.41419432570519,0.00110434580298691,0.0273211753671876,-0.908800390941903
"ENSG00000185345",-2.81167911038366,-3.29602240396665,-3.41330546288658,0.00110740172810147,0.0273376252402846,-0.904091454371104
"ENSG00000222020",-2.31382838571827,-1.47900517148458,-3.41320990088387,0.00110773074763503,0.0273376252402846,-0.884949043381524
"ENSG00000234663",-1.92651264174885,-0.880877138657494,-3.41266520661377,0.00110960789374454,0.0273671512541829,-0.912320450493843
"ENSG00000171815",-1.56643814251748,-6.3549817613018,-3.41219258252164,0.00111123910645449,0.0273905791279481,-1.16011461247451
"ENSG00000253663",-1.91075192527664,-6.36202243163078,-3.41124914598889,0.0011145020642879,0.0274205703724005,-0.970248327716895
"ENSG00000276087",-1.71786928003761,-6.08002534956402,-3.40329629196146,0.00114237012462789,0.0278943657239057,-1.05916950485215
"ENSG00000257907",-2.16356278593092,-4.72560163992258,-3.40298143573978,0.00114348687749294,0.0278943657239057,-0.949223805597123
"ENSG00000147485",-3.22985107245132,-4.03701148494981,-3.39646484426684,0.00116683342897297,0.0281494070346261,-0.951529888944224
"ENSG00000069431",-1.57035859241041,-6.37974835087742,-3.39497348704064,0.00117223941490464,0.0281846256735906,-1.18805760280296
"ENSG00000213280",-1.5307312374293,-0.958928095412153,-3.39488639948471,0.00117255582704997,0.0281846256735906,-0.936496195269084
"ENSG00000264754",-1.69272548783487,-6.16180070819578,-3.39400631248018,0.00117575794963308,0.0282195946812831,-0.93591906474223
"ENSG00000249774",-2.8442172185311,-5.5491615497678,-3.39360597738324,0.0011772172687362,0.0282377617170243,-0.956620821042245
"ENSG00000231615",-3.08993234928653,-4.69122151618394,-3.39124992129262,0.00118584041389947,0.028393779821076,-0.965815009153789
"ENSG00000244021",-2.00702693481539,-4.44877498354288,-3.38406210190298,0.00121251812865921,0.0288401889705867,-1.00459070819761
"ENSG00000263006",-2.32115420151712,-2.7013262938816,-3.38148567956101,0.00122221788113447,0.0289684225752757,-0.998193468198637
"ENSG00000233452",-2.25520629338979,-0.927009725571743,-3.37470765372142,0.00124808720141882,0.0293424571178009,-0.987493250356249
"ENSG00000260519",-2.29540496860925,-5.96491139504323,-3.371339621407,0.00126113331585006,0.0295349981897315,-0.998559311833464
"ENSG00000222208",-1.57245041671484,-6.24542787885906,-3.37077476960962,0.00126333384815945,0.0295349981897315,-0.998066867662046
"ENSG00000127955",-2.93144756209835,-2.95745363022644,-3.37073006760835,0.00126350815160323,0.0295349981897315,-1.0149761383663
"ENSG00000233554",-3.01288775906664,-2.86702124312343,-3.36924816130642,0.00126929932015769,0.0296210815164781,-1.01051910143438
"ENSG00000279766",-2.75902254259077,-3.27664096290765,-3.36788010263982,0.00127466782543508,0.0296723774858953,-1.01548937491928
"ENSG00000280205",-3.31076189713573,-3.6470719447242,-3.36725707859541,0.00127711978188058,0.0296943584092638,-1.02340476843011
"ENSG00000203965",-2.24840535135338,-0.417293430051699,-3.36066308075636,0.00130334541163574,0.0301305878312709,-1.03812970487066
"ENSG00000279192",-2.91196658129924,-3.20595823054877,-3.3585205407144,0.00131197558878559,0.0302952571053178,-1.04154859664787
"ENSG00000213036",-2.08106134750714,-4.13228135300275,-3.35485478177928,0.00132686653939873,0.0305164122522355,-1.0728571086116
"ENSG00000144362",-2.82451195986159,-4.10024700889258,-3.35056128938315,0.00134451027694093,0.030816420840125,-1.07606174303678
"ENSG00000227361",-1.7655168429792,-5.95670683477809,-3.34973162508539,0.00134794513839934,0.030854040676756,-1.05164084106788
"ENSG00000240898",-2.5303036486069,-4.6555339620596,-3.34960887263758,0.00134845404380529,0.030854040676756,-1.08334673623206
"ENSG00000212464",-2.94580302844083,-3.93941233612016,-3.34697433044249,0.00135942009420174,0.0309990962150303,-1.08233064438933
"ENSG00000242088",-2.58399021411174,-4.30530324587266,-3.34648529210325,0.00136146491098525,0.031011994979216,-1.08731123734523
"ENSG00000228107",-2.36988716371691,-0.987622162864699,-3.34576694035621,0.00136447381944303,0.0310477136842864,-1.06204729202416
"ENSG00000276966",-1.58219932967784,0.317621749568498,-3.34403373646205,0.00137175941854132,0.0311402644778356,-1.12124800028441
"ENSG00000161133",1.72159841274761,-5.0174888251867,3.34402230769028,0.00137180758146975,0.0311402644778356,-1.16119198489234
"ENSG00000228137",-2.81075077542974,-4.91177642445667,-3.34336845206166,0.00137456570652065,0.0311852655381168,-1.08945931439827
"ENSG00000260167",-2.68263688755986,-4.98694168268271,-3.34075154402251,0.00138565693106344,0.0312956067093327,-1.09630641538113
"ENSG00000260671",-3.33670978101884,-3.46969377552497,-3.33650630883261,0.00140382923019791,0.0315641737765193,-1.09745967931897
"ENSG00000227034",-2.27717044840794,-4.88110245984319,-3.33587154218407,0.00140656567572737,0.0315903649696042,-1.11503586994468
"ENSG00000279483",-1.67985597999829,-1.6174317867738,-3.33529737506446,0.00140904521265307,0.0316123426495571,-1.08910082017186
"ENSG00000255946",-1.8817248494573,-5.86144468334189,-3.33419880296298,0.00141380088319359,0.0316291725688085,-1.09202345625793
"ENSG00000254912",-2.82093679184545,-2.74101146867964,-3.33320847113447,0.00141810095671074,0.031654910972618,-1.10089058614396
"ENSG00000237911",-1.51735540043391,-6.51906211715351,-3.329290321262,0.00143523500278355,0.0319486808316191,-1.36946479365128
"ENSG00000205809",-3.13083900629595,-3.6759395672948,-3.32646910284717,0.00144769285475766,0.0321903474264201,-1.12725994437388
"ENSG00000201863",-1.59558244462072,-6.29514523895426,-3.32614628076475,0.0014491248457214,0.0322043764774415,-1.38293453031381
"ENSG00000267240",-1.67078560805305,-6.17525564872903,-3.32347117045728,0.00146104272999358,0.0323797352983472,-1.36660295515962
"ENSG00000256667",-2.13095087709653,-0.925985515516261,-3.31801912423991,0.00148561878277419,0.0326543719546681,-1.14783196131717
"ENSG00000235957",-2.6289645467822,-4.51350472051437,-3.31737671678313,0.00148854007233737,0.0327007038186377,-1.16066002877048
"ENSG00000216480",-1.97461607798334,-4.40448935720628,-3.31164010892694,0.00151486788094523,0.0331342320727748,-1.18376799480127
"ENSG00000241157",-2.64269440214895,-1.6168076544569,-3.31011129253277,0.0015219579894624,0.0332170223085599,-1.15888356146896
"ENSG00000213782",-2.55166222009415,-2.33535372155816,-3.30358765541521,0.00155256515108804,0.0336838770664012,-1.17288613913856
"ENSG00000169429",-2.62106026548777,-1.17326753294601,-3.30183264443481,0.00156089763584396,0.0337905345082866,-1.2042432201108
"ENSG00000272168",-3.04798466716148,-3.80101985308966,-3.30170971755349,0.00156148284693913,0.0337905345082866,-1.18846051102625
"ENSG00000272335",-1.5988449697899,0.635301917582559,-3.30099923890743,0.00156486923380412,0.0337905345082866,-1.27904769633148
"ENSG00000196408",-2.84978987686483,-4.03055728295854,-3.30096221342271,0.00156504589956792,0.0337905345082866,-1.19805282011866
"ENSG00000267561",-1.57353416097459,-6.21885785573613,-3.29872526391696,0.001575754344671,0.0339488082339033,-1.46642651330365
"ENSG00000267702",-2.06129901228524,-0.0183912894258984,-3.29814719687125,0.00157853279461747,0.0339904528169318,-1.2130351161444
"ENSG00000261208",-2.42140796768143,-1.33856683990863,-3.29493137344179,0.00159407390560418,0.0341993923134744,-1.200792099579
"ENSG00000229419",-1.99921604547309,-3.18046172698766,-3.29074179832551,0.00161453706251544,0.034506974474878,-1.22947866909097
"ENSG00000270704",-2.49476687452618,-5.63267995950524,-3.28991566506197,0.00161860123310291,0.0345204279963943,-1.2135769165996
"ENSG00000225447",-2.97867755836388,-2.44353427176756,-3.28874724598453,0.00162436572951534,0.0346066513290808,-1.22113588321048
"ENSG00000172915",-2.62318416447512,-1.37726826744836,-3.28760871301529,0.00163000136851823,0.0346833482939754,-1.21807279658545
"ENSG00000184260",-2.43939137257686,-0.78958312406938,-3.28749728613853,0.00163055390964662,0.0346833482939754,-1.22278203600554
"ENSG00000171408",-2.84751615269455,-2.86075277893952,-3.28637105513557,0.00163614854548471,0.0347288510166719,-1.21853345707242
"ENSG00000274349",-2.55616825241552,-1.24504309959691,-3.28586355958076,0.00163867546882719,0.034764132558201,-1.21656853977261
"ENSG00000242692",-1.81885871678263,-1.20918852136463,-3.2836002760712,0.00164998960789674,0.0348936781781508,-1.24302845223979
"ENSG00000211695",-2.01789436160535,0.181704696162301,-3.28234255016657,0.00165630871420334,0.0349806783704749,-1.35462891495918
"ENSG00000234028",-2.24070960437222,-1.19953896773938,-3.28225705349947,0.00165673909505635,0.0349806783704749,-1.2306670230063
"ENSG00000189144",-1.79709426643287,-0.158764298527355,-3.28095135497387,0.0016633249306917,0.0350522526670953,-1.27620285600913
"ENSG00000231697",-1.92416290639579,-5.64604683442515,-3.27921408631739,0.00167212577783458,0.0351891893365708,-1.2338924105594
"ENSG00000127564",1.7923929281945,1.52856745994714,3.27786791992072,0.00167897545179975,0.0352476762565931,-1.25972175070615
"ENSG00000226318",-3.00553055452078,-2.62059610872021,-3.27720309326086,0.00168236800939583,0.0352998740677093,-1.25031438346338
"ENSG00000233971",-2.39355452695968,-3.28590753330208,-3.27379960531023,0.00169983701228566,0.0355446875646398,-1.25882914283642
"ENSG00000276814",-2.15091771866542,-1.66179931849321,-3.27372444215234,0.00170022471983489,0.0355446875646398,-1.24742952523253
"ENSG00000279576",-2.68018549032552,-1.83656264773259,-3.26961899009837,0.00172152834902294,0.0358409542658831,-1.2598622138198
"ENSG00000261186",-2.8814653491495,-4.78769865980512,-3.26607480249397,0.00174012123354365,0.0361089644272204,-1.28269941233686
"ENSG00000239793",-2.76026394681667,-5.15309299562655,-3.26587604346411,0.0017411695009914,0.0361089644272204,-1.28224227654731
"ENSG00000165113",-1.64005498431873,0.368092931793948,-3.26267804065753,0.00175811784232574,0.0363392562967503,-1.3520484677342
"ENSG00000105048",2.30839176424653,2.69790453076923,3.25910407805738,0.00177724218513679,0.0365768718125963,-1.3597138042514
"ENSG00000271461",-2.60619361475705,-1.85900459238781,-3.25896638401422,0.00177798288782573,0.0365768718125963,-1.28730870753322
"ENSG00000118507",-1.58664137260555,1.26202002079094,-3.25832413555247,0.00178144159517097,0.0365768718125963,-1.46251218746119
"ENSG00000198995",-2.47981963648138,-5.48220712036852,-3.25556623789588,0.00179636576917204,0.0367706194767078,-1.29672606055216
"ENSG00000242175",-1.73960297575366,-5.81983716027968,-3.25374513020514,0.00180628492342292,0.0368985093960611,-1.30039509413014
"ENSG00000227311",-2.5566572684058,-4.35324541074852,-3.25291154103098,0.00181084245083749,0.0369353060418919,-1.3199710444335
"ENSG00000261468",-2.09546822527872,-0.00943912020092084,-3.25266425335417,0.00181219653801655,0.0369441811467249,-1.33226760432818
"ENSG00000234883",-2.93821459637645,-3.74266299245571,-3.25234912912797,0.00181392346105661,0.0369569514849686,-1.31366040877568
"ENSG00000260686",-2.69522247181721,-2.50575245402758,-3.24967980759737,0.00182861388095341,0.0371845904107683,-1.31550877608694
"ENSG00000185015",-1.61970952901275,-0.1868484897318,-3.24932365704637,0.00183058236486397,0.0371950036734402,-1.34163714896345
"ENSG00000233254",-2.37500474675684,-4.85987112387785,-3.24788843610956,0.00183853519580304,0.0372756345934822,-1.32933344401063
"ENSG00000274769",-1.54254287844395,-6.02474344354545,-3.24786697168372,0.00183865438035111,0.0372756345934822,-1.51006576209987
"ENSG00000266744",-2.65603833376294,-5.97626853744664,-3.2472362139368,0.00184216000437529,0.0373219429227439,-1.31921463833172
"ENSG00000259483",-2.89559947352302,-3.92069355863966,-3.24699739927654,0.00184348892675787,0.0373219429227439,-1.32410300133906
"ENSG00000249307",-2.83546862484753,-4.12329509356489,-3.24620942177475,0.00184788014773327,0.0373675426597544,-1.32776100758868
"ENSG00000273219",-2.65400068791903,-2.95059524834012,-3.24539487724516,0.00185242975312584,0.0374040085058589,-1.32300465606115
"ENSG00000261997",-2.89025424031491,-2.13456560197972,-3.24459745163546,0.00185689393764007,0.0374415870885148,-1.3234348643
"ENSG00000252452",-2.36452496636031,-5.66686179257808,-3.24398295367392,0.0018603409436921,0.0374705047336122,-1.32373594522994
"ENSG00000224707",-3.70069237079733,-4.96706810833235,-3.24380944793463,0.00186131530652763,0.0374705047336122,-1.32703619701435
"ENSG00000263648",-3.10428208293161,-5.39141552359752,-3.24164025425394,0.0018735374783292,0.0376411562737584,-1.33651646727413
"ENSG00000225791",-2.16979530215558,-0.784832357526203,-3.24009814132432,0.00188227222786588,0.037797756296036,-1.34548190541719
"ENSG00000214595",-1.86214963975099,-0.553133018863126,-3.23653496711575,0.00190260112351033,0.0380797582385017,-1.35304309805201
"ENSG00000268220",-2.5578271909067,-1.44662389160016,-3.23590288631909,0.0019062287913086,0.0380797582385017,-1.34336148739411
"ENSG00000279276",-2.98737457433103,-4.96644855550113,-3.23569955267649,0.00190739715403037,0.0380797582385017,-1.35240976438291
"ENSG00000233873",-2.69372008051509,-3.99777196747252,-3.23564999207755,0.0019076820330417,0.0380797582385017,-1.36016002954024
"ENSG00000279608",-2.47912451844891,-0.994645842784161,-3.23150650849787,0.0019316410373897,0.0384054564713852,-1.36598825312691
"ENSG00000267416",-2.70256490778563,-3.23266261201801,-3.23069695715561,0.0019363550180873,0.038467585897447,-1.3662886383339
"ENSG00000213432",-2.57614163984776,-5.38548007070563,-3.23042704545888,0.00193792910199715,0.038467585897447,-1.36554509461256
"ENSG00000244582",-2.06331283676492,-3.00215175634225,-3.23042682896598,0.00193793036503305,0.038467585897447,-1.36402552076889
"ENSG00000233264",-2.9953553460616,-3.10339433624189,-3.23014928954049,0.00193955018690923,0.038467585897447,-1.36625278647695
"ENSG00000164989",-2.58755351165632,-2.65732033868609,-3.22729235249031,0.00195629840044196,0.0387042855780353,-1.36749208439567
"ENSG00000217527",-3.07207344937778,-4.73152126612036,-3.22468927491654,0.00197167657820925,0.0388957802538751,-1.38013848558067
"ENSG00000232915",-1.81577509456036,-5.66006005278406,-3.22087691181438,0.00199440382287112,0.039139941715741,-1.38215397217275
"ENSG00000229133",-2.61564853603883,-5.28264998160353,-3.2157397373452,0.00202541806886355,0.039362759517655,-1.40005344729471
"ENSG00000214578",2.18922684537024,-3.09042853355126,3.21539964995387,0.00202748714660579,0.039362759517655,-1.40222825366944
"ENSG00000211937",1.78361231504046,3.18218092041672,3.21457287277787,0.00203252550256765,0.039362759517655,-1.68046692723842
"ENSG00000243176",-2.95295491466613,-3.38005244978191,-3.21376315246784,0.00203747130343912,0.0394117124302616,-1.41135105076856
"ENSG00000204778",-2.63911411282252,-2.2352249697495,-3.21349502345325,0.00203911153313129,0.0394117124302616,-1.40144190866153
"ENSG00000113302",-1.52944663851601,-6.28051379443704,-3.21277100036718,0.00204354680430767,0.0394405514290816,-1.57739441591188
"ENSG00000183598",-3.13110176714786,-4.54354861020119,-3.21039585848317,0.00205816026761462,0.0396658011058695,-1.41602254086453
"ENSG00000266111",-1.73626688361434,-5.58920905721507,-3.20938233716431,0.00206442593447534,0.039691081500611,-1.41304092346767
"ENSG00000106526",-2.11831664538086,-0.783058283608852,-3.20344443612487,0.00210149559893287,0.0401985967303167,-1.43741738546488
"ENSG00000173588",-1.74158794616955,0.48770882853102,-3.20294603425368,0.00210463531125737,0.0402141391554985,-1.50329390558609
"ENSG00000233057",-1.76348461946915,-2.5573822023583,-3.20262784048064,0.00210664209301099,0.0402142570860531,-1.42919892897803
"ENSG00000242534",2.46154854266442,-1.6922221834137,3.20147877247299,0.0021139039815496,0.0402954802590123,-1.44886609157096
"ENSG00000275379",-3.13989682293322,-4.52051428484917,-3.20066094428459,0.00211908679599528,0.0403751314562096,-1.43955832938811
"ENSG00000277628",-1.62380124471573,-6.51024614135383,-3.19939201930224,0.00212715194325997,0.0404712552877128,-1.7007980418618
"ENSG00000279089",-2.18145278647276,-0.527756776116417,-3.1973506983651,0.00214018679734856,0.0406415251576085,-1.46290704356946
"ENSG00000165923",-1.58324211688535,0.0651157612972292,-3.19719939524417,0.00214115591970088,0.0406415251576085,-1.50435949439563
"ENSG00000252756",-1.68079377830856,-6.07386892737452,-3.19173146054737,0.00217645645533931,0.0411561159066561,-1.50144641169245
"ENSG00000279811",-2.93820361474202,-3.7808708731401,-3.1907584886283,0.00218279479805297,0.0412371787929161,-1.46731398774056
"ENSG00000270031",-2.52477334782384,-4.48479265938923,-3.18908928248569,0.00219370903423057,0.0414044556779987,-1.47085023277766
"ENSG00000213058",-3.28116452863464,-2.0149477802487,-3.18697768057895,0.00220758922229016,0.0415883326684671,-1.4907803400316
"ENSG00000229715",-2.54540214631473,-2.37482695868199,-3.18444898207903,0.00222431944624754,0.0417638741163183,-1.47885189084266
"ENSG00000204789",-2.28743233733623,-0.891042445621563,-3.18286943742843,0.00223483016765216,0.0418963558691046,-1.52661244947869
"ENSG00000263711",-1.519872811508,-6.32692955294687,-3.17597632216041,0.00228124606928059,0.0424500084029707,-1.57085248270868
"ENSG00000226746",-1.73451286734584,-6.24608493206901,-3.17410155102804,0.00229402553160126,0.0426309518299474,-1.50293618385007
"ENSG00000237531",-1.59247420116737,-6.06645594738344,-3.173996144719,0.002294746026566,0.0426309518299474,-1.56385158902545
"ENSG00000199733",-2.71086918545769,-4.49052629166074,-3.17375858871048,0.00229637059593605,0.0426356712954534,-1.50367570937669
"ENSG00000267226",-2.62694222941696,-4.07947446837086,-3.17364889219374,0.00229712113889737,0.0426356712954534,-1.51247233401734
"ENSG00000228053",-2.41980296237387,-4.74598428978223,-3.17209946360386,0.00230774690222856,0.0427933768281331,-1.5172890773673
"ENSG00000228166",-3.03424035528994,-3.39783661050961,-3.17080609117652,0.00231665191538027,0.042918912581621,-1.51252891981941
"ENSG00000121988",-2.25651758467478,-0.936903738574536,-3.16700427002508,0.00234301462965051,0.0432469481108522,-1.52814407065304
"ENSG00000266467",-2.34399373923271,-5.04499099420361,-3.16670297728156,0.00234511583706427,0.0432469481108522,-1.51610007994873
"ENSG00000228665",-2.61386625865455,-3.6757322989399,-3.16586420107879,0.00235097474022946,0.0433351153171502,-1.52463074396169
"ENSG00000279077",-2.81673589438846,-3.54564982055031,-3.16516529845813,0.00235586708674864,0.0433855101335176,-1.53090803560375
"ENSG00000184226",-1.94344546882549,-0.0205138372502673,-3.16477018985962,0.0023586370805247,0.0434166336589991,-1.56864828625694
"ENSG00000189134",-2.61093949583897,-2.22223232794233,-3.16227227806584,0.00237621995597678,0.0436603266317086,-1.52725639074651
"ENSG00000233844",-2.50122755746552,-5.80846834194956,-3.16207815697553,0.00237759150819497,0.0436655704944972,-1.52904553643799
"ENSG00000279476",-2.98266491234365,-2.80565564225035,-3.16110739426239,0.00238446151183325,0.0437318073443067,-1.52992024628844
"ENSG00000123094",-2.78146911365699,-5.21960665378599,-3.15928195107567,0.0023974303880796,0.0439032795275954,-1.53809478219697
"ENSG00000251805",-2.22492433876536,-5.57133333582768,-3.1586521842345,0.00240191987539545,0.0439032795275954,-1.53607692143761
"ENSG00000213216",-2.31932711553703,-5.33207175867825,-3.15769078572357,0.00240878868605281,0.0439773491174819,-1.54712376822638
"ENSG00000180229",-2.37356743702756,0.103393432627886,-3.15695079996986,0.00241408811239031,0.0439941841769335,-1.5891727317726
"ENSG00000280123",-2.86157396509274,-4.52395680592384,-3.15679211221487,0.00241522597930124,0.0439949772631937,-1.55023311315412
"ENSG00000212402",-3.10450074939566,-3.76629683423275,-3.15522531887266,0.00242648762255648,0.0441482093831855,-1.55113478109613
"ENSG00000278700",-2.61679353117725,-2.88961152939358,-3.1551635563161,0.00242693255899806,0.0441482093831855,-1.54600818821807
"ENSG00000249709",-2.43236524079657,-2.21143253759139,-3.15444573360039,0.00243210934793455,0.0442213739069393,-1.54649111164275
"ENSG00000110848",-2.5344393619048,-0.156910774339679,-3.15289001558035,0.00244336436698648,0.0443868659202848,-1.61629915464603
"ENSG00000095596",-1.61960805947378,-5.76617677810083,-3.15067939026921,0.00245944127790491,0.0445179911095602,-1.59704852269955
"ENSG00000270894",-2.59527455094997,-4.18726838454635,-3.1500318079639,0.00246416958014582,0.044523391218437,-1.56521502943726
"ENSG00000257303",-2.26565035755694,-2.59724836282362,-3.1488845339528,0.0024725672625028,0.0445949524841353,-1.56248350137568
"ENSG00000182359",-2.21117135682629,-1.23649334699288,-3.14453393382016,0.00250465627404337,0.0450121553549806,-1.58027176258723
"ENSG00000235007",-2.86205389840228,-4.42089745515109,-3.14176426454874,0.00252528729219075,0.0451404355961313,-1.5856760336282
"ENSG00000253475",-3.03506607621278,-3.72301247998092,-3.14161666124632,0.00252639122658812,0.0451404355961313,-1.58416957810236
"ENSG00000226839",-2.94755359006815,-4.42987593619688,-3.1402869607911,0.00253635651661026,0.0452581467735311,-1.58842208213632
"ENSG00000266613",-1.57160433424406,-6.13175930955136,-3.14006656643783,0.00253801178608234,0.0452675908713764,-1.66318691080639
"ENSG00000261542",-2.55785128612461,-3.07728579149473,-3.13894500146012,0.00254645095824226,0.0453979695890267,-1.59419011846364
"ENSG00000232381",-2.24662261588005,-5.88241490306564,-3.13867910635153,0.00254845552186505,0.0454135677703983,-1.58520493974223
"ENSG00000235332",-1.61302039331441,-5.9656757764365,-3.13777685487157,0.00255526853870037,0.0455148009715694,-1.5933843536809
"ENSG00000141642",-1.58118793397906,0.136260568931014,-3.13448531081587,0.00258026814897978,0.045878788202249,-1.66269091628685
"ENSG00000119630",1.58450393497207,-4.57599568699941,3.13169117614611,0.0026016692317782,0.0461572402718213,-1.72658241327418
"ENSG00000249119",-1.95728944555606,-2.14516659605636,-3.12916157861813,0.00262118722211964,0.0464420311607113,-1.60970574375321
"ENSG00000280383",-2.61549674059705,-2.06458906418139,-3.12835117396317,0.00262746908713558,0.0464972099485273,-1.61036695732892
"ENSG00000261098",-2.04308350046034,-0.740595076732749,-3.12831223464304,0.00262777128011178,0.0464972099485273,-1.63527339876072
"ENSG00000105750",-2.42447942425102,-0.935128012360216,-3.12603482538535,0.00264550201570699,0.0466671663165654,-1.64252381555943
"ENSG00000259999",-2.01955678900717,-6.12644633233412,-3.12382712782021,0.00266279674060987,0.0468284140708653,-1.62652424401962
"ENSG00000230081",-2.50983505806301,-5.3310898397472,-3.12274404354275,0.00267132003535624,0.0469577647841677,-1.62712446646928
"ENSG00000273056",-2.72806973925583,-5.45822361069145,-3.12242550530009,0.00267383161084998,0.0469608468411494,-1.62690093531231
"ENSG00000236456",-1.96582952731985,-4.76956397192086,-3.12052964228817,0.002688825632581,0.0471167769495474,-1.63430670927144
"ENSG00000257642",-1.68748375502759,-6.00935951723965,-3.12037245812234,0.00269007229445201,0.0471167769495474,-1.63693514724919
"ENSG00000239557",-1.90387979396148,-2.20675801769989,-3.1203140208312,0.00269053591110743,0.0471167769495474,-1.6319285562451
"ENSG00000264343",-2.80124544993353,-2.56095853250535,-3.12026638588502,0.00269091388180092,0.0471167769495474,-1.63119398421857
"ENSG00000168852",-2.66259274906805,-3.67078052545158,-3.11919038836395,0.00269946487232487,0.0472253641415163,-1.64041812527164
"ENSG00000281912",-2.35412426109107,-2.39164197291341,-3.11857188116293,0.00270439166071277,0.0472704145843368,-1.63481184579281
"ENSG00000224232",-1.96580221979264,-6.12633759360395,-3.11805564449692,0.00270851023558435,0.0472873097307133,-1.63682677472425
"ENSG00000213047",-1.78290641511711,1.42091329223962,-3.11711771577764,0.00271600810733992,0.0473704806643295,-1.78513440687507
"ENSG00000044459",-1.74264180464224,0.836886258152125,-3.11678377696284,0.00271868231896078,0.0473760149921375,-1.74849971881205
"ENSG00000155100",-1.59883003900947,0.628779315679075,-3.11495732468797,0.00273335230229456,0.0475374563674635,-1.72414093437545
"ENSG00000240669",-2.8938350959399,-4.1107682142643,-3.11204384176226,0.00275690648065167,0.0477446520666267,-1.65612654080828
"ENSG00000255097",-2.9164240526092,-4.82286981380463,-3.11161884884894,0.00276035816378527,0.0477709508826928,-1.65330720585083
"ENSG00000272858",-2.42387017267235,-2.52422602618863,-3.11040460699902,0.00277024218726548,0.0479205772098723,-1.65403881977031
"ENSG00000272054",-2.55996359807569,-2.3339191677292,-3.10895809831163,0.00278206004221408,0.0480844272644413,-1.66231193654199
"ENSG00000280067",-1.96942348938872,-1.15392345921811,-3.10840609013628,0.00278658230763321,0.0481212121698756,-1.67000862512884
"ENSG00000134545",-2.33498805789156,-0.679877874318501,-3.10787986107704,0.00279089977408868,0.0481305063062016,-1.73032436526771
"ENSG00000239344",-1.87160546243202,-4.27832981442263,-3.10671678933616,0.00280046442175492,0.0482572956208278,-1.67692371540523
"ENSG00000258581",-2.27060949290061,-5.90277530005587,-3.10461327377736,0.00281784073122228,0.048473612784167,-1.66901742219712
"ENSG00000163281",-1.65750199611666,0.727076645527917,-3.10082376096111,0.00284939880515129,0.0487868529662233,-1.81004440823892
"ENSG00000138738",-2.43253195797672,-0.69843006123587,-3.10055319776995,0.00285166456385504,0.0487901425352331,-1.68388505946584
"ENSG00000228252",-2.60251841614544,-3.10585151745082,-3.09892397373009,0.00286534367424268,0.0489348115513612,-1.68383891641401
"ENSG00000117620",-1.55526769239775,1.5107820926418,-3.09815955732461,0.00287178288154655,0.0489615841407694,-1.88103585295121
"ENSG00000181690",-2.08064177670716,-0.318155795688329,-3.09684714894807,0.00288286973075053,0.0490466055504159,-1.70782366663673
"ENSG00000275227",-2.04795597974766,-5.85188456685978,-3.0960172199393,0.00288990134838023,0.0491183979163087,-1.69176102713688
"ENSG00000237296",-1.87043773881128,-0.430734453139099,-3.09577262867478,0.0028919767142904,0.0491183979163087,-1.72884652617415
"ENSG00000188056",-4.49375040135141,-2.73028001990227,-3.094750381039,0.00290066559512383,0.0491828588170258,-1.69266931472151
"ENSG00000145194",1.61739315235032,1.24733846312644,3.09230628057266,0.00292153881991898,0.0493909603189162,-1.73789877024249
"ENSG00000118596",-1.74294403956965,1.60366765508889,-3.09087167590279,0.00293385592671736,0.0495011475141883,-1.87912525636512
"ENSG00000255819",-2.81253358294619,-3.64230791712943,-3.09028620074716,0.00293889656497054,0.0495113705733075,-1.70566200947134
"ENSG00000197238",-2.91333675763851,-3.61302631932351,-3.09018770864009,0.00293974532507052,0.0495113705733075,-1.70586617599408
"ENSG00000197992",-2.12209742569829,-0.583975024819066,-3.08938814145246,0.00294664410462764,0.0495652662318998,-1.76271974487117
"ENSG00000230910",-2.67843195725812,-2.60234561908757,-3.08846947315264,0.00295458916157548,0.0496121698077991,-1.70804597957025
"ENSG00000279742",-2.42925739155976,-4.99308499453643,-3.08735195711269,0.00296428090037207,0.0496748731791404,-1.71256414938522
"ENSG00000187862",-1.8550285751607,0.865616801634,-3.08544980808669,0.00298084569521689,0.0497657635544474,-1.9155966226562
"ENSG00000240395",-1.73297548294362,-2.98035018890889,-3.08485620106955,0.00298603276167115,0.049831668362268,-1.71967127481797
"ENSG00000265625",-2.24275642120542,-0.524436865817892,-3.08330346154598,0.00299964079990713,0.0498901975245205,-1.73650797775002
"ENSG00000228398",1.83434105393558,-4.64908425057502,3.08318186931723,0.00300070886061118,0.0498901975245205,-1.7407699758869
